{ "_id" : { "$oid" : "50b59cd75bed76f46522c34e" }, "student_id" : 0, "class_id" : 2, "scores" : [ { "type" : "exam", "score" : 57.92947112575566 }, { "type" : "quiz", "score" : 21.24542588206755 }, { "type" : "homework", "score" : 68.19567810587429 }, { "type" : "homework", "score" : 67.95019716560351 }, { "type" : "homework", "score" : 18.81037253352722 } ] }
{ "_id" : { "$oid" : "50b59cd75bed76f46522c34f" }, "student_id" : 0, "class_id" : 28, "scores" : [ { "type" : "exam", "score" : 39.17749400402234 }, { "type" : "quiz", "score" : 78.44172815491469 }, { "type" : "homework", "score" : 20.81782269075502 }, { "type" : "homework", "score" : 70.44520452408949 }, { "type" : "homework", "score" : 50.66616327819226 }, { "type" : "homework", "score" : 53.84983118363991 } ] }
{ "_id" : { "$oid" : "50b59cd75bed76f46522c350" }, "student_id" : 0, "class_id" : 5, "scores" : [ { "type" : "exam", "score" : 88.22950674232497 }, { "type" : "quiz", "score" : 79.28962650427184 }, { "type" : "homework", "score" : 18.66254946562674 }, { "type" : "homework", "score" : 40.28154176513361 }, { "type" : "homework", "score" : 1.23735944117882 }, { "type" : "homework", "score" : 88.96101200683958 } ] }
{ "_id" : { "$oid" : "50b59cd75bed76f46522c351" }, "student_id" : 0, "class_id" : 16, "scores" : [ { "type" : "exam", "score" : 59.1805667559299 }, { "type" : "quiz", "score" : 47.58960202938239 }, { "type" : "homework", "score" : 6.48470951607214 }, { "type" : "homework", "score" : 68.33519637418685 }, { "type" : "homework", "score" : 78.53068038180965 } ] }
{ "_id" : { "$oid" : "50b59cd75bed76f46522c352" }, "student_id" : 0, "class_id" : 24, "scores" : [ { "type" : "exam", "score" : 4.444435759027499 }, { "type" : "quiz", "score" : 28.63057857803885 }, { "type" : "homework", "score" : 86.79352850434199 }, { "type" : "homework", "score" : 83.9164548767836 } ] }
{ "_id" : { "$oid" : "50b59cd75bed76f46522c353" }, "student_id" : 0, "class_id" : 30, "scores" : [ { "type" : "exam", "score" : 14.34345947841966 }, { "type" : "quiz", "score" : 47.65945482174327 }, { "type" : "homework", "score" : 83.42772189120254 }, { "type" : "homework", "score" : 49.86812935368258 }, { "type" : "homework", "score" : 39.85525554437086 } ] }
{ "_id" : { "$oid" : "50b59cd75bed76f46522c354" }, "student_id" : 0, "class_id" : 7, "scores" : [ { "type" : "exam", "score" : 18.20492211025179 }, { "type" : "quiz", "score" : 60.4769945611789 }, { "type" : "homework", "score" : 75.62999921143397 }, { "type" : "homework", "score" : 72.41228797373115 }, { "type" : "homework", "score" : 74.06744381708968 } ] }
{ "_id" : { "$oid" : "50b59cd75bed76f46522c355" }, "student_id" : 0, "class_id" : 6, "scores" : [ { "type" : "exam", "score" : 56.81981513867912 }, { "type" : "quiz", "score" : 15.03004654140545 }, { "type" : "homework", "score" : 59.58797547174019 }, { "type" : "homework", "score" : 67.42173915928456 }, { "type" : "homework", "score" : 71.25502554312342 }, { "type" : "homework", "score" : 94.46662737566072 } ] }
{ "_id" : { "$oid" : "50b59cd75bed76f46522c356" }, "student_id" : 0, "class_id" : 27, "scores" : [ { "type" : "exam", "score" : 60.19473636151568 }, { "type" : "quiz", "score" : 64.15966210014162 }, { "type" : "homework", "score" : 82.80835343023551 } ] }
{ "_id" : { "$oid" : "50b59cd75bed76f46522c357" }, "student_id" : 0, "class_id" : 11, "scores" : [ { "type" : "exam", "score" : 58.83297411100884 }, { "type" : "quiz", "score" : 49.66835710930263 }, { "type" : "homework", "score" : 18.05861540807023 }, { "type" : "homework", "score" : 80.04086698967356 } ] }
{ "_id" : { "$oid" : "50b59cd75bed76f46522c358" }, "student_id" : 0, "class_id" : 10, "scores" : [ { "type" : "exam", "score" : 30.93065784731665 }, { "type" : "quiz", "score" : 55.98003281528393 }, { "type" : "homework", "score" : 55.6752702814148 }, { "type" : "homework", "score" : 63.15391302252755 } ] }
{ "_id" : { "$oid" : "50b59cd75bed76f46522c359" }, "student_id" : 1, "class_id" : 18, "scores" : [ { "type" : "exam", "score" : 63.09737877102438 }, { "type" : "quiz", "score" : 69.08175868397933 }, { "type" : "homework", "score" : 34.6879008789745 } ] }
{ "_id" : { "$oid" : "50b59cd75bed76f46522c35a" }, "student_id" : 1, "class_id" : 22, "scores" : [ { "type" : "exam", "score" : 47.38775906993299 }, { "type" : "quiz", "score" : 9.963742963372834 }, { "type" : "homework", "score" : 22.17993073237026 }, { "type" : "homework", "score" : 33.7647119689925 }, { "type" : "homework", "score" : 18.29543263797219 } ] }
{ "_id" : { "$oid" : "50b59cd75bed76f46522c35b" }, "student_id" : 1, "class_id" : 28, "scores" : [ { "type" : "exam", "score" : 24.05118737353409 }, { "type" : "quiz", "score" : 77.89233366199049 }, { "type" : "homework", "score" : 68.81640554493546 }, { "type" : "homework", "score" : 87.88279757549474 }, { "type" : "homework", "score" : 83.36858109902629 } ] }
{ "_id" : { "$oid" : "50b59cd75bed76f46522c35c" }, "student_id" : 1, "class_id" : 16, "scores" : [ { "type" : "exam", "score" : 80.6212442791788 }, { "type" : "quiz", "score" : 40.64514700062569 }, { "type" : "homework", "score" : 91.50521146788955 }, { "type" : "homework", "score" : 82.1425639828968 }, { "type" : "homework", "score" : 16.64633943981927 } ] }
{ "_id" : { "$oid" : "50b59cd75bed76f46522c35d" }, "student_id" : 1, "class_id" : 13, "scores" : [ { "type" : "exam", "score" : 68.93370297588363 }, { "type" : "quiz", "score" : 65.39942932033274 }, { "type" : "homework", "score" : 43.10650652263911 }, { "type" : "homework", "score" : 56.89478543605922 } ] }
{ "_id" : { "$oid" : "50b59cd75bed76f46522c35e" }, "student_id" : 2, "class_id" : 25, "scores" : [ { "type" : "exam", "score" : 5.231166018738698 }, { "type" : "quiz", "score" : 9.922444955766851 }, { "type" : "homework", "score" : 76.72085919032671 }, { "type" : "homework", "score" : 41.14461420390943 }, { "type" : "homework", "score" : 30.18199391733215 } ] }
{ "_id" : { "$oid" : "50b59cd75bed76f46522c35f" }, "student_id" : 2, "class_id" : 27, "scores" : [ { "type" : "exam", "score" : 70.32953992025745 }, { "type" : "quiz", "score" : 66.24220071248318 }, { "type" : "homework", "score" : 79.21965885764142 }, { "type" : "homework", "score" : 78.68052791237751 } ] }
{ "_id" : { "$oid" : "50b59cd75bed76f46522c360" }, "student_id" : 2, "class_id" : 24, "scores" : [ { "type" : "exam", "score" : 76.01876674517686 }, { "type" : "quiz", "score" : 47.44729578274631 }, { "type" : "homework", "score" : 4.735101893467009 }, { "type" : "homework", "score" : 92.65331076863312 } ] }
{ "_id" : { "$oid" : "50b59cd75bed76f46522c361" }, "student_id" : 3, "class_id" : 10, "scores" : [ { "type" : "exam", "score" : 35.47946463550763 }, { "type" : "quiz", "score" : 94.14222652833352 }, { "type" : "homework", "score" : 58.43343860077279 }, { "type" : "homework", "score" : 66.83562834109681 } ] }
{ "_id" : { "$oid" : "50b59cd75bed76f46522c362" }, "student_id" : 3, "class_id" : 9, "scores" : [ { "type" : "exam", "score" : 47.71786215806567 }, { "type" : "quiz", "score" : 82.48705096247578 }, { "type" : "homework", "score" : 75.44141239006737 }, { "type" : "homework", "score" : 93.67951940270194 }, { "type" : "homework", "score" : 59.86914451038889 }, { "type" : "homework", "score" : 79.22570296763765 } ] }
{ "_id" : { "$oid" : "50b59cd75bed76f46522c363" }, "student_id" : 3, "class_id" : 25, "scores" : [ { "type" : "exam", "score" : 88.80822542748273 }, { "type" : "quiz", "score" : 42.19859496158491 }, { "type" : "homework", "score" : 14.97229131876052 }, { "type" : "homework", "score" : 39.93448876447816 } ] }
{ "_id" : { "$oid" : "50b59cd75bed76f46522c364" }, "student_id" : 3, "class_id" : 12, "scores" : [ { "type" : "exam", "score" : 95.99100704101919 }, { "type" : "quiz", "score" : 70.27334558182263 }, { "type" : "homework", "score" : 48.76991564672726 }, { "type" : "homework", "score" : 7.832018287711584 } ] }
{ "_id" : { "$oid" : "50b59cd75bed76f46522c365" }, "student_id" : 3, "class_id" : 11, "scores" : [ { "type" : "exam", "score" : 95.7950561891157 }, { "type" : "quiz", "score" : 99.70947557740388 }, { "type" : "homework", "score" : 91.73962975047689 }, { "type" : "homework", "score" : 96.83139133632076 }, { "type" : "homework", "score" : 50.26710948208495 } ] }
{ "_id" : { "$oid" : "50b59cd75bed76f46522c366" }, "student_id" : 3, "class_id" : 3, "scores" : [ { "type" : "exam", "score" : 86.25877910140861 }, { "type" : "quiz", "score" : 0.7165465872248866 }, { "type" : "homework", "score" : 70.07859698701473 }, { "type" : "homework", "score" : 61.00984159293741 } ] }
{ "_id" : { "$oid" : "50b59cd75bed76f46522c367" }, "student_id" : 3, "class_id" : 13, "scores" : [ { "type" : "exam", "score" : 8.942018968262111 }, { "type" : "quiz", "score" : 66.81472071182077 }, { "type" : "homework", "score" : 70.07131773257854 }, { "type" : "homework", "score" : 61.30296955199896 }, { "type" : "homework", "score" : 64.57682057262923 }, { "type" : "homework", "score" : 28.33686497561957 } ] }
{ "_id" : { "$oid" : "50b59cd75bed76f46522c368" }, "student_id" : 3, "class_id" : 7, "scores" : [ { "type" : "exam", "score" : 31.08963442339938 }, { "type" : "quiz", "score" : 78.15707965575122 }, { "type" : "homework", "score" : 40.75250769320247 }, { "type" : "homework", "score" : 55.00421620686067 }, { "type" : "homework", "score" : 28.21576655747814 }, { "type" : "homework", "score" : 31.41446966140843 } ] }
{ "_id" : { "$oid" : "50b59cd75bed76f46522c369" }, "student_id" : 3, "class_id" : 16, "scores" : [ { "type" : "exam", "score" : 0.5998735189206239 }, { "type" : "quiz", "score" : 78.6776346269843 }, { "type" : "homework", "score" : 64.11811985669685 } ] }
{ "_id" : { "$oid" : "50b59cd75bed76f46522c36a" }, "student_id" : 4, "class_id" : 5, "scores" : [ { "type" : "exam", "score" : 5.466727688497352 }, { "type" : "quiz", "score" : 48.70365097712529 }, { "type" : "homework", "score" : 84.00121183981668 }, { "type" : "homework", "score" : 67.53163246780703 }, { "type" : "homework", "score" : 66.19091789853015 } ] }
{ "_id" : { "$oid" : "50b59cd75bed76f46522c36b" }, "student_id" : 4, "class_id" : 26, "scores" : [ { "type" : "exam", "score" : 44.49334356888737 }, { "type" : "quiz", "score" : 89.45022655920948 }, { "type" : "homework", "score" : 43.21248942312994 }, { "type" : "homework", "score" : 84.06963419960047 } ] }
{ "_id" : { "$oid" : "50b59cd75bed76f46522c36c" }, "student_id" : 4, "class_id" : 24, "scores" : [ { "type" : "exam", "score" : 46.17925407652636 }, { "type" : "quiz", "score" : 82.2008703054845 }, { "type" : "homework", "score" : 84.69188163941084 }, { "type" : "homework", "score" : 62.0124356065548 }, { "type" : "homework", "score" : 64.92031477448502 }, { "type" : "homework", "score" : 55.57211978265683 } ] }
{ "_id" : { "$oid" : "50b59cd75bed76f46522c36d" }, "student_id" : 4, "class_id" : 8, "scores" : [ { "type" : "exam", "score" : 60.13912489935064 }, { "type" : "quiz", "score" : 16.49453097445802 }, { "type" : "homework", "score" : 20.64686745448644 }, { "type" : "homework", "score" : 72.03200074025955 }, { "type" : "homework", "score" : 23.97256438707867 } ] }
{ "_id" : { "$oid" : "50b59cd75bed76f46522c36e" }, "student_id" : 4, "class_id" : 19, "scores" : [ { "type" : "exam", "score" : 91.60286135110157 }, { "type" : "quiz", "score" : 77.86504954396824 }, { "type" : "homework", "score" : 56.59544639677979 }, { "type" : "homework", "score" : 79.14974103516605 } ] }
{ "_id" : { "$oid" : "50b59cd75bed76f46522c36f" }, "student_id" : 4, "class_id" : 12, "scores" : [ { "type" : "exam", "score" : 0.6543096786026048 }, { "type" : "quiz", "score" : 65.75264763263029 }, { "type" : "homework", "score" : 73.2728520505146 }, { "type" : "homework", "score" : 25.5620551543699 } ] }
{ "_id" : { "$oid" : "50b59cd75bed76f46522c370" }, "student_id" : 4, "class_id" : 0, "scores" : [ { "type" : "exam", "score" : 67.50593066420024 }, { "type" : "quiz", "score" : 60.43052278095685 }, { "type" : "homework", "score" : 98.63464071579899 }, { "type" : "homework", "score" : 6.719346717934882 }, { "type" : "homework", "score" : 43.61408080940507 }, { "type" : "homework", "score" : 92.01607786819618 } ] }
{ "_id" : { "$oid" : "50b59cd75bed76f46522c371" }, "student_id" : 5, "class_id" : 19, "scores" : [ { "type" : "exam", "score" : 15.36563152024366 }, { "type" : "quiz", "score" : 15.0564655717795 }, { "type" : "homework", "score" : 23.96468260067017 }, { "type" : "homework", "score" : 72.72838189684599 }, { "type" : "homework", "score" : 89.70059719539754 } ] }
{ "_id" : { "$oid" : "50b59cd75bed76f46522c372" }, "student_id" : 5, "class_id" : 30, "scores" : [ { "type" : "exam", "score" : 73.48459944869943 }, { "type" : "quiz", "score" : 75.01135493297872 }, { "type" : "homework", "score" : 86.41339666607082 }, { "type" : "homework", "score" : 6.271389125317883 }, { "type" : "homework", "score" : 98.50624323298936 } ] }
{ "_id" : { "$oid" : "50b59cd75bed76f46522c373" }, "student_id" : 5, "class_id" : 18, "scores" : [ { "type" : "exam", "score" : 73.04238861317688 }, { "type" : "quiz", "score" : 27.95508924539547 }, { "type" : "homework", "score" : 22.86693784286485 }, { "type" : "homework", "score" : 48.16973377404425 }, { "type" : "homework", "score" : 35.72781103246233 } ] }
{ "_id" : { "$oid" : "50b59cd75bed76f46522c374" }, "student_id" : 5, "class_id" : 23, "scores" : [ { "type" : "exam", "score" : 21.58296008740177 }, { "type" : "quiz", "score" : 3.634580210966121 }, { "type" : "homework", "score" : 68.24631403391534 }, { "type" : "homework", "score" : 9.131946981596894 }, { "type" : "homework", "score" : 29.69618758646132 }, { "type" : "homework", "score" : 78.33555189838114 } ] }
{ "_id" : { "$oid" : "50b59cd75bed76f46522c375" }, "student_id" : 5, "class_id" : 0, "scores" : [ { "type" : "exam", "score" : 43.64758440439862 }, { "type" : "quiz", "score" : 62.64445726673731 }, { "type" : "homework", "score" : 89.13292408748923 }, { "type" : "homework", "score" : 52.8809215943369 } ] }
{ "_id" : { "$oid" : "50b59cd75bed76f46522c376" }, "student_id" : 5, "class_id" : 8, "scores" : [ { "type" : "exam", "score" : 22.38732080941065 }, { "type" : "quiz", "score" : 61.0978008569998 }, { "type" : "homework", "score" : 95.21804913043248 }, { "type" : "homework", "score" : 18.58695956072932 }, { "type" : "homework", "score" : 36.07345601237352 } ] }
{ "_id" : { "$oid" : "50b59cd75bed76f46522c377" }, "student_id" : 5, "class_id" : 16, "scores" : [ { "type" : "exam", "score" : 33.39752665396672 }, { "type" : "quiz", "score" : 92.72484425390054 }, { "type" : "homework", "score" : 69.96783822606294 }, { "type" : "homework", "score" : 60.84747157970097 } ] }
{ "_id" : { "$oid" : "50b59cd75bed76f46522c378" }, "student_id" : 6, "class_id" : 21, "scores" : [ { "type" : "exam", "score" : 46.17900883744647 }, { "type" : "quiz", "score" : 91.53032883789334 }, { "type" : "homework", "score" : 38.57523921619017 } ] }
{ "_id" : { "$oid" : "50b59cd75bed76f46522c379" }, "student_id" : 6, "class_id" : 9, "scores" : [ { "type" : "exam", "score" : 98.34929309113583 }, { "type" : "quiz", "score" : 34.61107720578603 }, { "type" : "homework", "score" : 47.3557826474249 } ] }
{ "_id" : { "$oid" : "50b59cd75bed76f46522c37a" }, "student_id" : 6, "class_id" : 20, "scores" : [ { "type" : "exam", "score" : 55.41495979162525 }, { "type" : "quiz", "score" : 80.78090944766167 }, { "type" : "homework", "score" : 5.32775635719569 } ] }
{ "_id" : { "$oid" : "50b59cd75bed76f46522c37b" }, "student_id" : 6, "class_id" : 22, "scores" : [ { "type" : "exam", "score" : 7.222854650083555 }, { "type" : "quiz", "score" : 0.8564411896032409 }, { "type" : "homework", "score" : 76.58867223308357 }, { "type" : "homework", "score" : 7.347454388743602 } ] }
{ "_id" : { "$oid" : "50b59cd75bed76f46522c37c" }, "student_id" : 6, "class_id" : 29, "scores" : [ { "type" : "exam", "score" : 62.87126631711959 }, { "type" : "quiz", "score" : 29.45861846986217 }, { "type" : "homework", "score" : 32.02141665410046 }, { "type" : "homework", "score" : 12.39580012928427 }, { "type" : "homework", "score" : 52.61677218894912 } ] }
{ "_id" : { "$oid" : "50b59cd75bed76f46522c37d" }, "student_id" : 6, "class_id" : 28, "scores" : [ { "type" : "exam", "score" : 54.53656528205627 }, { "type" : "quiz", "score" : 8.360280660111563 }, { "type" : "homework", "score" : 7.107174438890274 }, { "type" : "homework", "score" : 45.80634796309143 } ] }
{ "_id" : { "$oid" : "50b59cd75bed76f46522c37e" }, "student_id" : 6, "class_id" : 8, "scores" : [ { "type" : "exam", "score" : 24.77044309013654 }, { "type" : "quiz", "score" : 67.44847261883595 }, { "type" : "homework", "score" : 10.17399168331673 }, { "type" : "homework", "score" : 61.43163522261202 }, { "type" : "homework", "score" : 59.42690819885932 }, { "type" : "homework", "score" : 6.249430376468201 } ] }
{ "_id" : { "$oid" : "50b59cd75bed76f46522c37f" }, "student_id" : 6, "class_id" : 17, "scores" : [ { "type" : "exam", "score" : 28.33650041402588 }, { "type" : "quiz", "score" : 3.74478787151008 }, { "type" : "homework", "score" : 83.20252315956937 }, { "type" : "homework", "score" : 48.86672932982401 }, { "type" : "homework", "score" : 26.63526362444173 }, { "type" : "homework", "score" : 10.93021918882537 } ] }
{ "_id" : { "$oid" : "50b59cd75bed76f46522c380" }, "student_id" : 7, "class_id" : 17, "scores" : [ { "type" : "exam", "score" : 62.60252103833057 }, { "type" : "quiz", "score" : 32.67097391228319 }, { "type" : "homework", "score" : 62.43367651747793 }, { "type" : "homework", "score" : 91.40718492802751 }, { "type" : "homework", "score" : 25.84007051255202 } ] }
{ "_id" : { "$oid" : "50b59cd75bed76f46522c381" }, "student_id" : 8, "class_id" : 29, "scores" : [ { "type" : "exam", "score" : 7.338334503537625 }, { "type" : "quiz", "score" : 68.78802689463799 }, { "type" : "homework", "score" : 84.12135157457064 } ] }
{ "_id" : { "$oid" : "50b59cd75bed76f46522c382" }, "student_id" : 8, "class_id" : 4, "scores" : [ { "type" : "exam", "score" : 43.22861106831134 }, { "type" : "quiz", "score" : 48.71070968047805 }, { "type" : "homework", "score" : 85.91363173416465 }, { "type" : "homework", "score" : 87.13683468459158 }, { "type" : "homework", "score" : 52.41439144537605 }, { "type" : "homework", "score" : 51.05496684863587 } ] }
{ "_id" : { "$oid" : "50b59cd75bed76f46522c383" }, "student_id" : 8, "class_id" : 11, "scores" : [ { "type" : "exam", "score" : 89.12537830331416 }, { "type" : "quiz", "score" : 11.48939533818351 }, { "type" : "homework", "score" : 16.96585149869495 }, { "type" : "homework", "score" : 17.8760904208101 }, { "type" : "homework", "score" : 80.93286662099982 }, { "type" : "homework", "score" : 28.93004389653184 } ] }
{ "_id" : { "$oid" : "50b59cd75bed76f46522c384" }, "student_id" : 8, "class_id" : 13, "scores" : [ { "type" : "exam", "score" : 40.25329160007334 }, { "type" : "quiz", "score" : 69.09906512872507 }, { "type" : "homework", "score" : 86.444816454273 }, { "type" : "homework", "score" : 7.827044836091501 } ] }
{ "_id" : { "$oid" : "50b59cd75bed76f46522c385" }, "student_id" : 8, "class_id" : 0, "scores" : [ { "type" : "exam", "score" : 11.45806169674712 }, { "type" : "quiz", "score" : 1.85065192236068 }, { "type" : "homework", "score" : 61.65417646075115 } ] }
{ "_id" : { "$oid" : "50b59cd75bed76f46522c386" }, "student_id" : 8, "class_id" : 20, "scores" : [ { "type" : "exam", "score" : 85.2953832985916 }, { "type" : "quiz", "score" : 8.005305468056001 }, { "type" : "homework", "score" : 88.79988885134861 } ] }
{ "_id" : { "$oid" : "50b59cd75bed76f46522c387" }, "student_id" : 9, "class_id" : 0, "scores" : [ { "type" : "exam", "score" : 84.86830900347616 }, { "type" : "quiz", "score" : 16.5663048704576 }, { "type" : "homework", "score" : 18.51093851402572 }, { "type" : "homework", "score" : 15.86472649082751 }, { "type" : "homework", "score" : 24.97295249285152 }, { "type" : "homework", "score" : 74.3247337485668 } ] }
{ "_id" : { "$oid" : "50b59cd75bed76f46522c388" }, "student_id" : 9, "class_id" : 14, "scores" : [ { "type" : "exam", "score" : 58.04134989803556 }, { "type" : "quiz", "score" : 11.00392184079301 }, { "type" : "homework", "score" : 98.92399283514497 } ] }
{ "_id" : { "$oid" : "50b59cd75bed76f46522c389" }, "student_id" : 9, "class_id" : 30, "scores" : [ { "type" : "exam", "score" : 32.06467118890522 }, { "type" : "quiz", "score" : 5.033390080862244 }, { "type" : "homework", "score" : 4.653283709330058 }, { "type" : "homework", "score" : 9.570455018093737 } ] }
{ "_id" : { "$oid" : "50b59cd75bed76f46522c38a" }, "student_id" : 9, "class_id" : 9, "scores" : [ { "type" : "exam", "score" : 68.49249612707904 }, { "type" : "quiz", "score" : 86.58313888406278 }, { "type" : "homework", "score" : 60.05047817130475 }, { "type" : "homework", "score" : 19.41878138891581 }, { "type" : "homework", "score" : 66.2693404206736 } ] }
{ "_id" : { "$oid" : "50b59cd75bed76f46522c38b" }, "student_id" : 9, "class_id" : 3, "scores" : [ { "type" : "exam", "score" : 64.93468525135532 }, { "type" : "quiz", "score" : 32.20214521140379 }, { "type" : "homework", "score" : 59.40646343628241 } ] }
{ "_id" : { "$oid" : "50b59cd75bed76f46522c38c" }, "student_id" : 9, "class_id" : 10, "scores" : [ { "type" : "exam", "score" : 73.51414024570775 }, { "type" : "quiz", "score" : 90.79209913238653 }, { "type" : "homework", "score" : 85.84321121315762 } ] }
{ "_id" : { "$oid" : "50b59cd75bed76f46522c38d" }, "student_id" : 9, "class_id" : 5, "scores" : [ { "type" : "exam", "score" : 56.72772554130411 }, { "type" : "quiz", "score" : 12.07144251947577 }, { "type" : "homework", "score" : 45.72214778610147 } ] }
{ "_id" : { "$oid" : "50b59cd75bed76f46522c38e" }, "student_id" : 9, "class_id" : 16, "scores" : [ { "type" : "exam", "score" : 85.30603053148313 }, { "type" : "quiz", "score" : 63.13172149749776 }, { "type" : "homework", "score" : 95.64071228013152 }, { "type" : "homework", "score" : 40.28609948997154 }, { "type" : "homework", "score" : 15.59403483233826 } ] }
{ "_id" : { "$oid" : "50b59cd75bed76f46522c38f" }, "student_id" : 9, "class_id" : 8, "scores" : [ { "type" : "exam", "score" : 24.14000777332587 }, { "type" : "quiz", "score" : 18.71542045987035 }, { "type" : "homework", "score" : 69.02053148128002 }, { "type" : "homework", "score" : 0.09963853025730662 } ] }
{ "_id" : { "$oid" : "50b59cd75bed76f46522c390" }, "student_id" : 9, "class_id" : 17, "scores" : [ { "type" : "exam", "score" : 76.43862500612831 }, { "type" : "quiz", "score" : 24.01487604578166 }, { "type" : "homework", "score" : 11.5105043026943 }, { "type" : "homework", "score" : 55.21991394868171 }, { "type" : "homework", "score" : 68.81384613107457 }, { "type" : "homework", "score" : 53.37561583843274 } ] }
{ "_id" : { "$oid" : "50b59cd75bed76f46522c391" }, "student_id" : 9, "class_id" : 15, "scores" : [ { "type" : "exam", "score" : 85.20875356673056 }, { "type" : "quiz", "score" : 45.50089366701895 }, { "type" : "homework", "score" : 52.77197861787801 } ] }
{ "_id" : { "$oid" : "50b59cd75bed76f46522c392" }, "student_id" : 10, "class_id" : 5, "scores" : [ { "type" : "exam", "score" : 69.17634380939022 }, { "type" : "quiz", "score" : 61.20182926719762 }, { "type" : "homework", "score" : 73.32936241994661 }, { "type" : "homework", "score" : 15.2063140426229 }, { "type" : "homework", "score" : 36.75297723087603 }, { "type" : "homework", "score" : 64.42913107330242 } ] }
{ "_id" : { "$oid" : "50b59cd75bed76f46522c393" }, "student_id" : 11, "class_id" : 24, "scores" : [ { "type" : "exam", "score" : 46.4063271595364 }, { "type" : "quiz", "score" : 10.18101146173288 }, { "type" : "homework", "score" : 46.31414846236896 } ] }
{ "_id" : { "$oid" : "50b59cd75bed76f46522c394" }, "student_id" : 11, "class_id" : 25, "scores" : [ { "type" : "exam", "score" : 8.556777030290785 }, { "type" : "quiz", "score" : 5.209884343208115 }, { "type" : "homework", "score" : 41.32019707941892 }, { "type" : "homework", "score" : 42.29046202603015 }, { "type" : "homework", "score" : 72.34988111961346 } ] }
{ "_id" : { "$oid" : "50b59cd75bed76f46522c395" }, "student_id" : 12, "class_id" : 21, "scores" : [ { "type" : "exam", "score" : 13.20781281549066 }, { "type" : "quiz", "score" : 26.92398141399055 }, { "type" : "homework", "score" : 23.12908585024626 }, { "type" : "homework", "score" : 4.054670860875886 } ] }
{ "_id" : { "$oid" : "50b59cd75bed76f46522c396" }, "student_id" : 12, "class_id" : 13, "scores" : [ { "type" : "exam", "score" : 9.877062317036877 }, { "type" : "quiz", "score" : 4.953393735585532 }, { "type" : "homework", "score" : 86.98095779449527 }, { "type" : "homework", "score" : 10.80408218350192 }, { "type" : "homework", "score" : 96.90960888352346 }, { "type" : "homework", "score" : 77.89350860178497 } ] }
{ "_id" : { "$oid" : "50b59cd75bed76f46522c397" }, "student_id" : 12, "class_id" : 27, "scores" : [ { "type" : "exam", "score" : 49.62461375883145 }, { "type" : "quiz", "score" : 59.85828762774739 }, { "type" : "homework", "score" : 99.45407211904612 }, { "type" : "homework", "score" : 16.66649929315922 }, { "type" : "homework", "score" : 39.34336258471443 } ] }
{ "_id" : { "$oid" : "50b59cd75bed76f46522c398" }, "student_id" : 12, "class_id" : 10, "scores" : [ { "type" : "exam", "score" : 43.9267068724095 }, { "type" : "quiz", "score" : 82.5964497229221 }, { "type" : "homework", "score" : 30.59181042678939 }, { "type" : "homework", "score" : 48.15439299082232 }, { "type" : "homework", "score" : 27.22553216629407 } ] }
{ "_id" : { "$oid" : "50b59cd75bed76f46522c399" }, "student_id" : 12, "class_id" : 3, "scores" : [ { "type" : "exam", "score" : 30.85759731987745 }, { "type" : "quiz", "score" : 87.65532558125324 }, { "type" : "homework", "score" : 92.24588895467643 } ] }
{ "_id" : { "$oid" : "50b59cd75bed76f46522c39a" }, "student_id" : 12, "class_id" : 11, "scores" : [ { "type" : "exam", "score" : 78.20433469880879 }, { "type" : "quiz", "score" : 81.94971547795645 }, { "type" : "homework", "score" : 0.04794785051871475 }, { "type" : "homework", "score" : 38.92307952846414 }, { "type" : "homework", "score" : 86.99268421821665 } ] }
{ "_id" : { "$oid" : "50b59cd75bed76f46522c39b" }, "student_id" : 12, "class_id" : 23, "scores" : [ { "type" : "exam", "score" : 26.9857216299485 }, { "type" : "quiz", "score" : 50.03333080935277 }, { "type" : "homework", "score" : 97.37669830304746 }, { "type" : "homework", "score" : 66.74833018740628 }, { "type" : "homework", "score" : 47.82042469815191 } ] }
{ "_id" : { "$oid" : "50b59cd75bed76f46522c39c" }, "student_id" : 12, "class_id" : 4, "scores" : [ { "type" : "exam", "score" : 74.51653633796917 }, { "type" : "quiz", "score" : 1.117448948398614 }, { "type" : "homework", "score" : 81.77015538228966 }, { "type" : "homework", "score" : 38.80702095392017 }, { "type" : "homework", "score" : 49.51759142259007 }, { "type" : "homework", "score" : 9.48049922977977 } ] }
{ "_id" : { "$oid" : "50b59cd75bed76f46522c39d" }, "student_id" : 13, "class_id" : 22, "scores" : [ { "type" : "exam", "score" : 93.68723184311095 }, { "type" : "quiz", "score" : 97.4439171714572 }, { "type" : "homework", "score" : 22.11304425855482 }, { "type" : "homework", "score" : 81.86156978969015 }, { "type" : "homework", "score" : 0.43214511051749 }, { "type" : "homework", "score" : 21.43022161019728 } ] }
{ "_id" : { "$oid" : "50b59cd75bed76f46522c39e" }, "student_id" : 14, "class_id" : 11, "scores" : [ { "type" : "exam", "score" : 83.04970441614537 }, { "type" : "quiz", "score" : 74.58039014002812 }, { "type" : "homework", "score" : 9.692635268459316 }, { "type" : "homework", "score" : 76.84904388576037 } ] }
{ "_id" : { "$oid" : "50b59cd75bed76f46522c39f" }, "student_id" : 14, "class_id" : 20, "scores" : [ { "type" : "exam", "score" : 99.70054435154259 }, { "type" : "quiz", "score" : 51.98658582965007 }, { "type" : "homework", "score" : 93.55713517562553 } ] }
{ "_id" : { "$oid" : "50b59cd75bed76f46522c3a0" }, "student_id" : 14, "class_id" : 7, "scores" : [ { "type" : "exam", "score" : 79.77321187176855 }, { "type" : "quiz", "score" : 72.01016416852167 }, { "type" : "homework", "score" : 67.34988551028735 }, { "type" : "homework", "score" : 39.90912451571174 } ] }
{ "_id" : { "$oid" : "50b59cd75bed76f46522c3a1" }, "student_id" : 14, "class_id" : 6, "scores" : [ { "type" : "exam", "score" : 99.49380951735357 }, { "type" : "quiz", "score" : 20.61870341640834 }, { "type" : "homework", "score" : 1.823502497587659 }, { "type" : "homework", "score" : 26.09772017429695 } ] }
{ "_id" : { "$oid" : "50b59cd75bed76f46522c3a2" }, "student_id" : 14, "class_id" : 17, "scores" : [ { "type" : "exam", "score" : 36.82195390538512 }, { "type" : "quiz", "score" : 1.241847277126595 }, { "type" : "homework", "score" : 5.60149960580254 }, { "type" : "homework", "score" : 79.95124448139045 }, { "type" : "homework", "score" : 53.03916326939456 } ] }
{ "_id" : { "$oid" : "50b59cd75bed76f46522c3a3" }, "student_id" : 15, "class_id" : 11, "scores" : [ { "type" : "exam", "score" : 22.3221275426679 }, { "type" : "quiz", "score" : 95.35941060150446 }, { "type" : "homework", "score" : 19.33941754361318 }, { "type" : "homework", "score" : 19.4639618196161 } ] }
{ "_id" : { "$oid" : "50b59cd75bed76f46522c3a4" }, "student_id" : 15, "class_id" : 17, "scores" : [ { "type" : "exam", "score" : 94.08333146697787 }, { "type" : "quiz", "score" : 90.86607454748169 }, { "type" : "homework", "score" : 3.505396519418735 }, { "type" : "homework", "score" : 2.114086877174615 }, { "type" : "homework", "score" : 45.73982290186242 }, { "type" : "homework", "score" : 53.40371959561195 } ] }
{ "_id" : { "$oid" : "50b59cd75bed76f46522c3a5" }, "student_id" : 15, "class_id" : 6, "scores" : [ { "type" : "exam", "score" : 4.439674531772653 }, { "type" : "quiz", "score" : 15.02882805391498 }, { "type" : "homework", "score" : 48.34414645448949 }, { "type" : "homework", "score" : 9.7290462311318 }, { "type" : "homework", "score" : 69.76955706983179 }, { "type" : "homework", "score" : 34.02044648836511 } ] }
{ "_id" : { "$oid" : "50b59cd75bed76f46522c3a6" }, "student_id" : 15, "class_id" : 0, "scores" : [ { "type" : "exam", "score" : 84.22482529114681 }, { "type" : "quiz", "score" : 68.51195197931716 }, { "type" : "homework", "score" : 48.135589104224 } ] }
{ "_id" : { "$oid" : "50b59cd75bed76f46522c3a7" }, "student_id" : 15, "class_id" : 27, "scores" : [ { "type" : "exam", "score" : 26.10647186162772 }, { "type" : "quiz", "score" : 44.00942221757141 }, { "type" : "homework", "score" : 39.47916529425859 }, { "type" : "homework", "score" : 45.43364304635258 } ] }
{ "_id" : { "$oid" : "50b59cd75bed76f46522c3a8" }, "student_id" : 15, "class_id" : 24, "scores" : [ { "type" : "exam", "score" : 77.02148190132719 }, { "type" : "quiz", "score" : 3.349620900937544 }, { "type" : "homework", "score" : 42.69070894579981 }, { "type" : "homework", "score" : 48.40440600813179 }, { "type" : "homework", "score" : 46.44118853416733 } ] }
{ "_id" : { "$oid" : "50b59cd75bed76f46522c3a9" }, "student_id" : 15, "class_id" : 18, "scores" : [ { "type" : "exam", "score" : 53.36498760735608 }, { "type" : "quiz", "score" : 45.11331116892846 }, { "type" : "homework", "score" : 3.437100156261408 }, { "type" : "homework", "score" : 52.72418084863588 }, { "type" : "homework", "score" : 11.09505685365971 } ] }
{ "_id" : { "$oid" : "50b59cd75bed76f46522c3aa" }, "student_id" : 15, "class_id" : 21, "scores" : [ { "type" : "exam", "score" : 25.84221979468727 }, { "type" : "quiz", "score" : 12.95283344636241 }, { "type" : "homework", "score" : 97.93077636423412 }, { "type" : "homework", "score" : 74.72833943836015 }, { "type" : "homework", "score" : 2.476072116651795 } ] }
{ "_id" : { "$oid" : "50b59cd75bed76f46522c3ab" }, "student_id" : 15, "class_id" : 14, "scores" : [ { "type" : "exam", "score" : 69.73816690726252 }, { "type" : "quiz", "score" : 74.53609942016858 }, { "type" : "homework", "score" : 87.00277746948923 } ] }
{ "_id" : { "$oid" : "50b59cd75bed76f46522c3ac" }, "student_id" : 15, "class_id" : 22, "scores" : [ { "type" : "exam", "score" : 25.57730073212775 }, { "type" : "quiz", "score" : 85.78485865073884 }, { "type" : "homework", "score" : 6.985868784647964 }, { "type" : "homework", "score" : 71.74897599012184 }, { "type" : "homework", "score" : 0.1041550509233824 } ] }
{ "_id" : { "$oid" : "50b59cd75bed76f46522c3ad" }, "student_id" : 16, "class_id" : 15, "scores" : [ { "type" : "exam", "score" : 96.96878730277227 }, { "type" : "quiz", "score" : 44.16698336965398 }, { "type" : "homework", "score" : 33.15513048960109 } ] }
{ "_id" : { "$oid" : "50b59cd75bed76f46522c3ae" }, "student_id" : 16, "class_id" : 9, "scores" : [ { "type" : "exam", "score" : 75.93420367047675 }, { "type" : "quiz", "score" : 70.6069936954556 }, { "type" : "homework", "score" : 14.04793568835913 }, { "type" : "homework", "score" : 93.84979391710201 }, { "type" : "homework", "score" : 60.08159877144862 }, { "type" : "homework", "score" : 90.80688783854058 } ] }
{ "_id" : { "$oid" : "50b59cd75bed76f46522c3af" }, "student_id" : 17, "class_id" : 19, "scores" : [ { "type" : "exam", "score" : 65.20513624319982 }, { "type" : "quiz", "score" : 57.29567421570596 }, { "type" : "homework", "score" : 90.76120798888979 }, { "type" : "homework", "score" : 4.343769428299527 }, { "type" : "homework", "score" : 5.130598231283412 } ] }
{ "_id" : { "$oid" : "50b59cd75bed76f46522c3b0" }, "student_id" : 17, "class_id" : 30, "scores" : [ { "type" : "exam", "score" : 43.77979215204155 }, { "type" : "quiz", "score" : 73.37223540028083 }, { "type" : "homework", "score" : 17.19265914443542 }, { "type" : "homework", "score" : 70.22148356805738 }, { "type" : "homework", "score" : 29.81795536677843 } ] }
{ "_id" : { "$oid" : "50b59cd75bed76f46522c3b1" }, "student_id" : 18, "class_id" : 4, "scores" : [ { "type" : "exam", "score" : 50.45224812249776 }, { "type" : "quiz", "score" : 92.1455996917289 }, { "type" : "homework", "score" : 63.58903419857691 } ] }
{ "_id" : { "$oid" : "50b59cd75bed76f46522c3b2" }, "student_id" : 18, "class_id" : 12, "scores" : [ { "type" : "exam", "score" : 28.44616239797351 }, { "type" : "quiz", "score" : 61.68253532026511 }, { "type" : "homework", "score" : 48.70395034065579 }, { "type" : "homework", "score" : 60.14281257828002 }, { "type" : "homework", "score" : 67.1876659792913 }, { "type" : "homework", "score" : 88.01503433639428 } ] }
{ "_id" : { "$oid" : "50b59cd75bed76f46522c3b3" }, "student_id" : 18, "class_id" : 21, "scores" : [ { "type" : "exam", "score" : 47.52492485990862 }, { "type" : "quiz", "score" : 47.40642694125606 }, { "type" : "homework", "score" : 38.44163896654238 }, { "type" : "homework", "score" : 84.9343766512288 }, { "type" : "homework", "score" : 94.21378296771904 } ] }
{ "_id" : { "$oid" : "50b59cd75bed76f46522c3b4" }, "student_id" : 18, "class_id" : 23, "scores" : [ { "type" : "exam", "score" : 19.09718044780793 }, { "type" : "quiz", "score" : 58.75595822875913 }, { "type" : "homework", "score" : 25.46104714653531 }, { "type" : "homework", "score" : 21.68105819974997 } ] }
{ "_id" : { "$oid" : "50b59cd75bed76f46522c3b5" }, "student_id" : 18, "class_id" : 20, "scores" : [ { "type" : "exam", "score" : 49.38182410610186 }, { "type" : "quiz", "score" : 78.27223014707987 }, { "type" : "homework", "score" : 2.450566155310629 }, { "type" : "homework", "score" : 47.43852459418538 }, { "type" : "homework", "score" : 81.88557116376475 } ] }
{ "_id" : { "$oid" : "50b59cd75bed76f46522c3b6" }, "student_id" : 18, "class_id" : 16, "scores" : [ { "type" : "exam", "score" : 24.20577196444662 }, { "type" : "quiz", "score" : 72.48098701821297 }, { "type" : "homework", "score" : 5.242316195530805 }, { "type" : "homework", "score" : 23.73615078332194 }, { "type" : "homework", "score" : 90.78241298306662 }, { "type" : "homework", "score" : 90.32454649632744 } ] }
{ "_id" : { "$oid" : "50b59cd75bed76f46522c3b7" }, "student_id" : 18, "class_id" : 8, "scores" : [ { "type" : "exam", "score" : 16.78164261379724 }, { "type" : "quiz", "score" : 3.422248849785503 }, { "type" : "homework", "score" : 10.41606853424734 } ] }
{ "_id" : { "$oid" : "50b59cd75bed76f46522c3b8" }, "student_id" : 18, "class_id" : 3, "scores" : [ { "type" : "exam", "score" : 46.1566435041489 }, { "type" : "quiz", "score" : 16.13198066471438 }, { "type" : "homework", "score" : 50.35542752939291 }, { "type" : "homework", "score" : 64.23321169777468 } ] }
{ "_id" : { "$oid" : "50b59cd75bed76f46522c3b9" }, "student_id" : 18, "class_id" : 5, "scores" : [ { "type" : "exam", "score" : 33.72760733197209 }, { "type" : "quiz", "score" : 45.87139678723763 }, { "type" : "homework", "score" : 67.44122827228165 }, { "type" : "homework", "score" : 64.59618985782753 }, { "type" : "homework", "score" : 87.34397733221864 } ] }
{ "_id" : { "$oid" : "50b59cd75bed76f46522c3ba" }, "student_id" : 19, "class_id" : 22, "scores" : [ { "type" : "exam", "score" : 18.14021056015449 }, { "type" : "quiz", "score" : 64.67450573460241 }, { "type" : "homework", "score" : 85.06374144543638 }, { "type" : "homework", "score" : 17.53889347657805 }, { "type" : "homework", "score" : 8.496705983728248 } ] }
{ "_id" : { "$oid" : "50b59cd75bed76f46522c3bb" }, "student_id" : 19, "class_id" : 29, "scores" : [ { "type" : "exam", "score" : 92.88139978083829 }, { "type" : "quiz", "score" : 3.507527031194757 }, { "type" : "homework", "score" : 39.56717120277167 }, { "type" : "homework", "score" : 65.97113006156208 }, { "type" : "homework", "score" : 53.65342174743992 } ] }
{ "_id" : { "$oid" : "50b59cd75bed76f46522c3bc" }, "student_id" : 20, "class_id" : 29, "scores" : [ { "type" : "exam", "score" : 86.1090106009861 }, { "type" : "quiz", "score" : 79.07640763122281 }, { "type" : "homework", "score" : 4.449146004101944 }, { "type" : "homework", "score" : 68.83534456579761 }, { "type" : "homework", "score" : 96.02676879891634 } ] }
{ "_id" : { "$oid" : "50b59cd75bed76f46522c3bd" }, "student_id" : 20, "class_id" : 25, "scores" : [ { "type" : "exam", "score" : 12.06610692616781 }, { "type" : "quiz", "score" : 27.32898252378393 }, { "type" : "homework", "score" : 47.0191853733133 }, { "type" : "homework", "score" : 4.37867042854233 }, { "type" : "homework", "score" : 43.85828758424952 }, { "type" : "homework", "score" : 20.12600756572279 } ] }
{ "_id" : { "$oid" : "50b59cd75bed76f46522c3be" }, "student_id" : 20, "class_id" : 12, "scores" : [ { "type" : "exam", "score" : 7.234524500896045 }, { "type" : "quiz", "score" : 59.81730315697359 }, { "type" : "homework", "score" : 57.65840340396059 }, { "type" : "homework", "score" : 47.71179327010496 } ] }
{ "_id" : { "$oid" : "50b59cd75bed76f46522c3bf" }, "student_id" : 20, "class_id" : 3, "scores" : [ { "type" : "exam", "score" : 61.46652938611871 }, { "type" : "quiz", "score" : 23.892030332276 }, { "type" : "homework", "score" : 57.83654276253935 }, { "type" : "homework", "score" : 26.84058841696616 }, { "type" : "homework", "score" : 64.13150013000825 }, { "type" : "homework", "score" : 51.16747936179576 } ] }
{ "_id" : { "$oid" : "50b59cd75bed76f46522c3c0" }, "student_id" : 20, "class_id" : 6, "scores" : [ { "type" : "exam", "score" : 46.20489588578886 }, { "type" : "quiz", "score" : 3.792353011601834 }, { "type" : "homework", "score" : 53.76374723192568 } ] }
{ "_id" : { "$oid" : "50b59cd75bed76f46522c3c1" }, "student_id" : 20, "class_id" : 30, "scores" : [ { "type" : "exam", "score" : 64.0027795852982 }, { "type" : "quiz", "score" : 35.13031109467001 }, { "type" : "homework", "score" : 41.38040391071949 }, { "type" : "homework", "score" : 20.0423638438902 }, { "type" : "homework", "score" : 67.33236737784982 } ] }
{ "_id" : { "$oid" : "50b59cd75bed76f46522c3c2" }, "student_id" : 20, "class_id" : 26, "scores" : [ { "type" : "exam", "score" : 55.93900885847822 }, { "type" : "quiz", "score" : 48.33321376523833 }, { "type" : "homework", "score" : 3.749294423551464 }, { "type" : "homework", "score" : 42.1742672055957 }, { "type" : "homework", "score" : 51.99083016668821 }, { "type" : "homework", "score" : 80.16223644749422 } ] }
{ "_id" : { "$oid" : "50b59cd75bed76f46522c3c3" }, "student_id" : 20, "class_id" : 16, "scores" : [ { "type" : "exam", "score" : 27.68631636784475 }, { "type" : "quiz", "score" : 25.21038363378704 }, { "type" : "homework", "score" : 66.32564092703578 }, { "type" : "homework", "score" : 45.75538585286493 }, { "type" : "homework", "score" : 27.88983871571887 }, { "type" : "homework", "score" : 56.13277947647338 } ] }
{ "_id" : { "$oid" : "50b59cd75bed76f46522c3c4" }, "student_id" : 20, "class_id" : 1, "scores" : [ { "type" : "exam", "score" : 82.81431543635354 }, { "type" : "quiz", "score" : 26.88697937035753 }, { "type" : "homework", "score" : 91.90995097889115 } ] }
{ "_id" : { "$oid" : "50b59cd75bed76f46522c3c5" }, "student_id" : 21, "class_id" : 11, "scores" : [ { "type" : "exam", "score" : 32.88633760355745 }, { "type" : "quiz", "score" : 82.3741668200383 }, { "type" : "homework", "score" : 11.50124563388024 } ] }
{ "_id" : { "$oid" : "50b59cd75bed76f46522c3c6" }, "student_id" : 21, "class_id" : 10, "scores" : [ { "type" : "exam", "score" : 89.94206596683296 }, { "type" : "quiz", "score" : 75.88411750777676 }, { "type" : "homework", "score" : 31.84916688586861 }, { "type" : "homework", "score" : 54.70314019170181 } ] }
{ "_id" : { "$oid" : "50b59cd75bed76f46522c3c7" }, "student_id" : 21, "class_id" : 22, "scores" : [ { "type" : "exam", "score" : 90.02522192718151 }, { "type" : "quiz", "score" : 11.50285668334039 }, { "type" : "homework", "score" : 92.5491094093554 }, { "type" : "homework", "score" : 86.83187969953255 }, { "type" : "homework", "score" : 60.83637822223815 }, { "type" : "homework", "score" : 15.07683820321754 } ] }
{ "_id" : { "$oid" : "50b59cd75bed76f46522c3c8" }, "student_id" : 21, "class_id" : 25, "scores" : [ { "type" : "exam", "score" : 47.1685980067183 }, { "type" : "quiz", "score" : 99.90921627057421 }, { "type" : "homework", "score" : 8.166538588067674 }, { "type" : "homework", "score" : 98.53813228764548 }, { "type" : "homework", "score" : 42.31572524896063 }, { "type" : "homework", "score" : 49.63010966350694 } ] }
{ "_id" : { "$oid" : "50b59cd75bed76f46522c3c9" }, "student_id" : 21, "class_id" : 30, "scores" : [ { "type" : "exam", "score" : 21.10611312823029 }, { "type" : "quiz", "score" : 41.75700423895986 }, { "type" : "homework", "score" : 81.8417656995416 }, { "type" : "homework", "score" : 42.46232086085254 }, { "type" : "homework", "score" : 99.62785870384556 }, { "type" : "homework", "score" : 89.44679902951272 } ] }
{ "_id" : { "$oid" : "50b59cd75bed76f46522c3ca" }, "student_id" : 21, "class_id" : 26, "scores" : [ { "type" : "exam", "score" : 30.86519770355717 }, { "type" : "quiz", "score" : 77.97577991129313 }, { "type" : "homework", "score" : 45.128923518568 } ] }
{ "_id" : { "$oid" : "50b59cd75bed76f46522c3cb" }, "student_id" : 22, "class_id" : 19, "scores" : [ { "type" : "exam", "score" : 55.0522480640462 }, { "type" : "quiz", "score" : 95.20009756393695 }, { "type" : "homework", "score" : 79.9471080072943 } ] }
{ "_id" : { "$oid" : "50b59cd75bed76f46522c3cc" }, "student_id" : 22, "class_id" : 8, "scores" : [ { "type" : "exam", "score" : 84.12365401503675 }, { "type" : "quiz", "score" : 82.22294460616185 }, { "type" : "homework", "score" : 36.83389376019068 } ] }
{ "_id" : { "$oid" : "50b59cd75bed76f46522c3cd" }, "student_id" : 22, "class_id" : 1, "scores" : [ { "type" : "exam", "score" : 50.24004738652367 }, { "type" : "quiz", "score" : 55.86202467303837 }, { "type" : "homework", "score" : 26.51620273376862 }, { "type" : "homework", "score" : 82.96748644970963 } ] }
{ "_id" : { "$oid" : "50b59cd75bed76f46522c3ce" }, "student_id" : 23, "class_id" : 20, "scores" : [ { "type" : "exam", "score" : 88.66959370612344 }, { "type" : "quiz", "score" : 3.686746312882527 }, { "type" : "homework", "score" : 10.71346184091022 }, { "type" : "homework", "score" : 15.14038061879386 }, { "type" : "homework", "score" : 12.59010100284684 } ] }
{ "_id" : { "$oid" : "50b59cd75bed76f46522c3cf" }, "student_id" : 23, "class_id" : 18, "scores" : [ { "type" : "exam", "score" : 39.86292841842742 }, { "type" : "quiz", "score" : 65.21955690464051 }, { "type" : "homework", "score" : 25.76757580818705 } ] }
{ "_id" : { "$oid" : "50b59cd75bed76f46522c3d0" }, "student_id" : 23, "class_id" : 8, "scores" : [ { "type" : "exam", "score" : 49.56498666479339 }, { "type" : "quiz", "score" : 45.96281436909623 }, { "type" : "homework", "score" : 3.642173058021936 }, { "type" : "homework", "score" : 15.60563475019373 } ] }
{ "_id" : { "$oid" : "50b59cd75bed76f46522c3d1" }, "student_id" : 23, "class_id" : 3, "scores" : [ { "type" : "exam", "score" : 21.95879966083859 }, { "type" : "quiz", "score" : 81.92635927496852 }, { "type" : "homework", "score" : 66.39036612156271 }, { "type" : "homework", "score" : 37.14382732175467 }, { "type" : "homework", "score" : 82.98701965772985 }, { "type" : "homework", "score" : 20.68358557071086 } ] }
{ "_id" : { "$oid" : "50b59cd75bed76f46522c3d2" }, "student_id" : 23, "class_id" : 11, "scores" : [ { "type" : "exam", "score" : 92.6824506435827 }, { "type" : "quiz", "score" : 10.42383027538696 }, { "type" : "homework", "score" : 35.47524336463789 }, { "type" : "homework", "score" : 5.078125803865008 }, { "type" : "homework", "score" : 88.90326699388295 }, { "type" : "homework", "score" : 39.74271794291903 } ] }
{ "_id" : { "$oid" : "50b59cd75bed76f46522c3d3" }, "student_id" : 23, "class_id" : 27, "scores" : [ { "type" : "exam", "score" : 5.581375819844281 }, { "type" : "quiz", "score" : 22.29885171748077 }, { "type" : "homework", "score" : 72.5148868295698 }, { "type" : "homework", "score" : 27.58862591024009 }, { "type" : "homework", "score" : 40.6901998180344 }, { "type" : "homework", "score" : 60.62882362452143 } ] }
{ "_id" : { "$oid" : "50b59cd75bed76f46522c3d4" }, "student_id" : 23, "class_id" : 7, "scores" : [ { "type" : "exam", "score" : 18.55546894995527 }, { "type" : "quiz", "score" : 68.99413115338837 }, { "type" : "homework", "score" : 20.46767095667299 }, { "type" : "homework", "score" : 19.97027655850313 }, { "type" : "homework", "score" : 20.79627924788043 } ] }
{ "_id" : { "$oid" : "50b59cd75bed76f46522c3d5" }, "student_id" : 23, "class_id" : 17, "scores" : [ { "type" : "exam", "score" : 68.06174666755968 }, { "type" : "quiz", "score" : 53.65887157964902 }, { "type" : "homework", "score" : 67.52386849564552 } ] }
{ "_id" : { "$oid" : "50b59cd75bed76f46522c3d6" }, "student_id" : 23, "class_id" : 24, "scores" : [ { "type" : "exam", "score" : 3.063427506586214 }, { "type" : "quiz", "score" : 22.87364071734163 }, { "type" : "homework", "score" : 18.84297793511524 }, { "type" : "homework", "score" : 54.97821615988537 }, { "type" : "homework", "score" : 77.00845740928497 }, { "type" : "homework", "score" : 53.03574992358852 } ] }
{ "_id" : { "$oid" : "50b59cd75bed76f46522c3d7" }, "student_id" : 23, "class_id" : 10, "scores" : [ { "type" : "exam", "score" : 71.88314875263234 }, { "type" : "quiz", "score" : 70.36173048856206 }, { "type" : "homework", "score" : 1.091907541829884 }, { "type" : "homework", "score" : 98.42316462960497 }, { "type" : "homework", "score" : 67.61751942914567 } ] }
{ "_id" : { "$oid" : "50b59cd75bed76f46522c3d8" }, "student_id" : 24, "class_id" : 22, "scores" : [ { "type" : "exam", "score" : 18.25873184124802 }, { "type" : "quiz", "score" : 33.07221585133989 }, { "type" : "homework", "score" : 97.60356805516503 }, { "type" : "homework", "score" : 4.732689215044283 }, { "type" : "homework", "score" : 1.961887236992144 }, { "type" : "homework", "score" : 13.55944778399209 } ] }
{ "_id" : { "$oid" : "50b59cd75bed76f46522c3d9" }, "student_id" : 24, "class_id" : 23, "scores" : [ { "type" : "exam", "score" : 80.37041372359649 }, { "type" : "quiz", "score" : 85.25532383006757 }, { "type" : "homework", "score" : 22.58401220794147 } ] }
{ "_id" : { "$oid" : "50b59cd75bed76f46522c3da" }, "student_id" : 24, "class_id" : 26, "scores" : [ { "type" : "exam", "score" : 18.66440295626736 }, { "type" : "quiz", "score" : 38.29092892188126 }, { "type" : "homework", "score" : 37.73256413492206 } ] }
{ "_id" : { "$oid" : "50b59cd75bed76f46522c3db" }, "student_id" : 24, "class_id" : 14, "scores" : [ { "type" : "exam", "score" : 16.91857605196919 }, { "type" : "quiz", "score" : 55.27468917764441 }, { "type" : "homework", "score" : 29.27598813351773 }, { "type" : "homework", "score" : 18.39744019711347 }, { "type" : "homework", "score" : 26.35372735126518 }, { "type" : "homework", "score" : 29.70066447826814 } ] }
{ "_id" : { "$oid" : "50b59cd75bed76f46522c3dc" }, "student_id" : 24, "class_id" : 2, "scores" : [ { "type" : "exam", "score" : 54.63228514853508 }, { "type" : "quiz", "score" : 80.32204290538087 }, { "type" : "homework", "score" : 71.15014362299445 }, { "type" : "homework", "score" : 57.08053079622877 } ] }
{ "_id" : { "$oid" : "50b59cd75bed76f46522c3dd" }, "student_id" : 25, "class_id" : 2, "scores" : [ { "type" : "exam", "score" : 39.8052260869232 }, { "type" : "quiz", "score" : 85.59336208703981 }, { "type" : "homework", "score" : 16.3016460205172 }, { "type" : "homework", "score" : 4.62963742991297 } ] }
{ "_id" : { "$oid" : "50b59cd75bed76f46522c3de" }, "student_id" : 25, "class_id" : 7, "scores" : [ { "type" : "exam", "score" : 44.97970926653762 }, { "type" : "quiz", "score" : 85.31845508940518 }, { "type" : "homework", "score" : 93.04356050702344 }, { "type" : "homework", "score" : 60.2923050160344 }, { "type" : "homework", "score" : 79.63780753145487 } ] }
{ "_id" : { "$oid" : "50b59cd75bed76f46522c3df" }, "student_id" : 25, "class_id" : 15, "scores" : [ { "type" : "exam", "score" : 61.5008555738809 }, { "type" : "quiz", "score" : 29.30294509992831 }, { "type" : "homework", "score" : 25.63640815732606 }, { "type" : "homework", "score" : 57.93101000461009 }, { "type" : "homework", "score" : 58.85540592376152 }, { "type" : "homework", "score" : 29.70426767006597 } ] }
{ "_id" : { "$oid" : "50b59cd75bed76f46522c3e0" }, "student_id" : 25, "class_id" : 18, "scores" : [ { "type" : "exam", "score" : 22.97682716622042 }, { "type" : "quiz", "score" : 89.75582289783684 }, { "type" : "homework", "score" : 10.40978261840015 }, { "type" : "homework", "score" : 63.99609252611357 } ] }
{ "_id" : { "$oid" : "50b59cd75bed76f46522c3e1" }, "student_id" : 25, "class_id" : 0, "scores" : [ { "type" : "exam", "score" : 60.29183399202943 }, { "type" : "quiz", "score" : 35.21382430742381 }, { "type" : "homework", "score" : 78.78531385395219 }, { "type" : "homework", "score" : 14.08119604820635 } ] }
{ "_id" : { "$oid" : "50b59cd75bed76f46522c3e2" }, "student_id" : 25, "class_id" : 19, "scores" : [ { "type" : "exam", "score" : 14.00159037053725 }, { "type" : "quiz", "score" : 24.2134251927383 }, { "type" : "homework", "score" : 3.658617310526702 }, { "type" : "homework", "score" : 40.21671947082074 }, { "type" : "homework", "score" : 85.52518827208891 } ] }
{ "_id" : { "$oid" : "50b59cd75bed76f46522c3e3" }, "student_id" : 26, "class_id" : 12, "scores" : [ { "type" : "exam", "score" : 44.08051047561329 }, { "type" : "quiz", "score" : 24.85357266177852 }, { "type" : "homework", "score" : 11.80437048193518 }, { "type" : "homework", "score" : 71.25080163274878 }, { "type" : "homework", "score" : 21.91871493410248 } ] }
{ "_id" : { "$oid" : "50b59cd75bed76f46522c3e4" }, "student_id" : 26, "class_id" : 6, "scores" : [ { "type" : "exam", "score" : 3.799251840068141 }, { "type" : "quiz", "score" : 37.60048035637249 }, { "type" : "homework", "score" : 81.30287670207669 }, { "type" : "homework", "score" : 37.80491429858801 } ] }
{ "_id" : { "$oid" : "50b59cd75bed76f46522c3e5" }, "student_id" : 26, "class_id" : 25, "scores" : [ { "type" : "exam", "score" : 42.23071231306863 }, { "type" : "quiz", "score" : 71.62782798229679 }, { "type" : "homework", "score" : 32.75059720307034 }, { "type" : "homework", "score" : 47.76436918565891 } ] }
{ "_id" : { "$oid" : "50b59cd75bed76f46522c3e6" }, "student_id" : 27, "class_id" : 27, "scores" : [ { "type" : "exam", "score" : 46.26853900690158 }, { "type" : "quiz", "score" : 9.674333465365558 }, { "type" : "homework", "score" : 33.9710580669943 } ] }
{ "_id" : { "$oid" : "50b59cd75bed76f46522c3e7" }, "student_id" : 27, "class_id" : 9, "scores" : [ { "type" : "exam", "score" : 76.7030883158744 }, { "type" : "quiz", "score" : 35.74373289906013 }, { "type" : "homework", "score" : 29.1963965555344 }, { "type" : "homework", "score" : 18.4727851393206 } ] }
{ "_id" : { "$oid" : "50b59cd75bed76f46522c3e8" }, "student_id" : 28, "class_id" : 5, "scores" : [ { "type" : "exam", "score" : 82.15236482200076 }, { "type" : "quiz", "score" : 10.10828361810044 }, { "type" : "homework", "score" : 11.89060339251475 }, { "type" : "homework", "score" : 96.19877427986863 } ] }
{ "_id" : { "$oid" : "50b59cd75bed76f46522c3e9" }, "student_id" : 28, "class_id" : 23, "scores" : [ { "type" : "exam", "score" : 68.81555755982043 }, { "type" : "quiz", "score" : 66.2603763984926 }, { "type" : "homework", "score" : 87.79508217805342 }, { "type" : "homework", "score" : 67.74796757821422 }, { "type" : "homework", "score" : 64.16334311562537 } ] }
{ "_id" : { "$oid" : "50b59cd75bed76f46522c3ea" }, "student_id" : 28, "class_id" : 29, "scores" : [ { "type" : "exam", "score" : 62.47836617718976 }, { "type" : "quiz", "score" : 85.90694876370223 }, { "type" : "homework", "score" : 16.79272564501346 } ] }
{ "_id" : { "$oid" : "50b59cd75bed76f46522c3eb" }, "student_id" : 29, "class_id" : 6, "scores" : [ { "type" : "exam", "score" : 77.14694340810587 }, { "type" : "quiz", "score" : 32.45833146726866 }, { "type" : "homework", "score" : 11.33537033218648 }, { "type" : "homework", "score" : 16.83029107179869 }, { "type" : "homework", "score" : 18.05123520278903 } ] }
{ "_id" : { "$oid" : "50b59cd75bed76f46522c3ec" }, "student_id" : 29, "class_id" : 9, "scores" : [ { "type" : "exam", "score" : 18.4880853900922 }, { "type" : "quiz", "score" : 14.37023503861652 }, { "type" : "homework", "score" : 29.59770271307264 } ] }
{ "_id" : { "$oid" : "50b59cd75bed76f46522c3ed" }, "student_id" : 29, "class_id" : 4, "scores" : [ { "type" : "exam", "score" : 34.14048449962188 }, { "type" : "quiz", "score" : 45.21754999801829 }, { "type" : "homework", "score" : 33.49373008499901 }, { "type" : "homework", "score" : 92.49613107517658 } ] }
{ "_id" : { "$oid" : "50b59cd75bed76f46522c3ee" }, "student_id" : 29, "class_id" : 16, "scores" : [ { "type" : "exam", "score" : 91.10262572056217 }, { "type" : "quiz", "score" : 70.14828216439895 }, { "type" : "homework", "score" : 31.13659535964025 }, { "type" : "homework", "score" : 54.67251294280713 } ] }
{ "_id" : { "$oid" : "50b59cd75bed76f46522c3ef" }, "student_id" : 29, "class_id" : 22, "scores" : [ { "type" : "exam", "score" : 48.53687570033242 }, { "type" : "quiz", "score" : 54.25500149817004 }, { "type" : "homework", "score" : 38.84255122391169 }, { "type" : "homework", "score" : 24.9198727509439 }, { "type" : "homework", "score" : 55.71410164272018 } ] }
{ "_id" : { "$oid" : "50b59cd75bed76f46522c3f0" }, "student_id" : 29, "class_id" : 1, "scores" : [ { "type" : "exam", "score" : 13.57476838068458 }, { "type" : "quiz", "score" : 28.27997159485266 }, { "type" : "homework", "score" : 72.40032853109204 } ] }
{ "_id" : { "$oid" : "50b59cd75bed76f46522c3f1" }, "student_id" : 29, "class_id" : 7, "scores" : [ { "type" : "exam", "score" : 63.15698088911974 }, { "type" : "quiz", "score" : 30.41484529536909 }, { "type" : "homework", "score" : 9.362100057782852 }, { "type" : "homework", "score" : 4.489357836698893 } ] }
{ "_id" : { "$oid" : "50b59cd75bed76f46522c3f2" }, "student_id" : 29, "class_id" : 28, "scores" : [ { "type" : "exam", "score" : 63.86968577495493 }, { "type" : "quiz", "score" : 18.90484991792141 }, { "type" : "homework", "score" : 93.74556854603652 } ] }
{ "_id" : { "$oid" : "50b59cd75bed76f46522c3f3" }, "student_id" : 29, "class_id" : 12, "scores" : [ { "type" : "exam", "score" : 7.197485627846945 }, { "type" : "quiz", "score" : 27.7618127958813 }, { "type" : "homework", "score" : 3.7060336127553 }, { "type" : "homework", "score" : 45.81943528862846 }, { "type" : "homework", "score" : 20.08304512589836 }, { "type" : "homework", "score" : 63.3109259597675 } ] }
{ "_id" : { "$oid" : "50b59cd75bed76f46522c3f4" }, "student_id" : 29, "class_id" : 11, "scores" : [ { "type" : "exam", "score" : 10.03145875682203 }, { "type" : "quiz", "score" : 80.05275112373326 }, { "type" : "homework", "score" : 95.51703509928473 } ] }
{ "_id" : { "$oid" : "50b59cd75bed76f46522c3f5" }, "student_id" : 30, "class_id" : 25, "scores" : [ { "type" : "exam", "score" : 8.523475334629937 }, { "type" : "quiz", "score" : 15.12734250887849 }, { "type" : "homework", "score" : 36.23107285089671 }, { "type" : "homework", "score" : 18.92291644871093 }, { "type" : "homework", "score" : 45.51781863980386 } ] }
{ "_id" : { "$oid" : "50b59cd75bed76f46522c3f6" }, "student_id" : 30, "class_id" : 2, "scores" : [ { "type" : "exam", "score" : 1.197841916345654 }, { "type" : "quiz", "score" : 20.31340369190809 }, { "type" : "homework", "score" : 81.24718860728508 } ] }
{ "_id" : { "$oid" : "50b59cd75bed76f46522c3f7" }, "student_id" : 30, "class_id" : 15, "scores" : [ { "type" : "exam", "score" : 91.54192511209713 }, { "type" : "quiz", "score" : 57.2169595786427 }, { "type" : "homework", "score" : 51.30647960726883 }, { "type" : "homework", "score" : 7.190141060050781 }, { "type" : "homework", "score" : 10.58892715213427 } ] }
{ "_id" : { "$oid" : "50b59cd75bed76f46522c3f8" }, "student_id" : 30, "class_id" : 4, "scores" : [ { "type" : "exam", "score" : 52.88413576882487 }, { "type" : "quiz", "score" : 70.81561908160717 }, { "type" : "homework", "score" : 68.17945550278581 }, { "type" : "homework", "score" : 47.54804857702254 }, { "type" : "homework", "score" : 84.66123625542802 }, { "type" : "homework", "score" : 66.31027988699951 } ] }
{ "_id" : { "$oid" : "50b59cd75bed76f46522c3f9" }, "student_id" : 30, "class_id" : 17, "scores" : [ { "type" : "exam", "score" : 20.90675318131353 }, { "type" : "quiz", "score" : 32.10270760837204 }, { "type" : "homework", "score" : 46.12170275711451 }, { "type" : "homework", "score" : 8.383536405321157 }, { "type" : "homework", "score" : 94.27553314384267 } ] }
{ "_id" : { "$oid" : "50b59cd75bed76f46522c3fa" }, "student_id" : 30, "class_id" : 7, "scores" : [ { "type" : "exam", "score" : 74.81463283288625 }, { "type" : "quiz", "score" : 64.04420250468628 }, { "type" : "homework", "score" : 15.4830813222264 } ] }
{ "_id" : { "$oid" : "50b59cd75bed76f46522c3fb" }, "student_id" : 30, "class_id" : 3, "scores" : [ { "type" : "exam", "score" : 62.52802784634457 }, { "type" : "quiz", "score" : 82.10574723679358 }, { "type" : "homework", "score" : 37.63519405892302 } ] }
{ "_id" : { "$oid" : "50b59cd75bed76f46522c3fc" }, "student_id" : 30, "class_id" : 0, "scores" : [ { "type" : "exam", "score" : 22.0401025053437 }, { "type" : "quiz", "score" : 27.99165432644689 }, { "type" : "homework", "score" : 34.38961275690694 }, { "type" : "homework", "score" : 47.1044493935048 }, { "type" : "homework", "score" : 3.04468118192156 }, { "type" : "homework", "score" : 56.42007160295321 } ] }
{ "_id" : { "$oid" : "50b59cd75bed76f46522c3fd" }, "student_id" : 30, "class_id" : 16, "scores" : [ { "type" : "exam", "score" : 49.74571914767485 }, { "type" : "quiz", "score" : 78.31908865276087 }, { "type" : "homework", "score" : 21.60918291980615 } ] }
{ "_id" : { "$oid" : "50b59cd75bed76f46522c3fe" }, "student_id" : 30, "class_id" : 6, "scores" : [ { "type" : "exam", "score" : 91.86971179652961 }, { "type" : "quiz", "score" : 93.82838419004693 }, { "type" : "homework", "score" : 28.81846612618807 }, { "type" : "homework", "score" : 95.04044710906683 }, { "type" : "homework", "score" : 69.02391738983644 }, { "type" : "homework", "score" : 46.1184202223522 } ] }
{ "_id" : { "$oid" : "50b59cd75bed76f46522c3ff" }, "student_id" : 30, "class_id" : 29, "scores" : [ { "type" : "exam", "score" : 60.52540562709612 }, { "type" : "quiz", "score" : 87.60791437180268 }, { "type" : "homework", "score" : 72.34681049956629 }, { "type" : "homework", "score" : 51.5889521849404 } ] }
{ "_id" : { "$oid" : "50b59cd75bed76f46522c400" }, "student_id" : 31, "class_id" : 1, "scores" : [ { "type" : "exam", "score" : 65.16484983487209 }, { "type" : "quiz", "score" : 11.9909094548269 }, { "type" : "homework", "score" : 80.77469977211921 }, { "type" : "homework", "score" : 39.35983042793237 } ] }
{ "_id" : { "$oid" : "50b59cd75bed76f46522c401" }, "student_id" : 31, "class_id" : 19, "scores" : [ { "type" : "exam", "score" : 46.67153015586837 }, { "type" : "quiz", "score" : 69.55041828769882 }, { "type" : "homework", "score" : 90.20775980179084 }, { "type" : "homework", "score" : 6.364889213038927 }, { "type" : "homework", "score" : 18.63715000430529 }, { "type" : "homework", "score" : 72.76387645970551 } ] }
{ "_id" : { "$oid" : "50b59cd75bed76f46522c402" }, "student_id" : 31, "class_id" : 2, "scores" : [ { "type" : "exam", "score" : 6.052900823901808 }, { "type" : "quiz", "score" : 65.71585059236634 }, { "type" : "homework", "score" : 48.25042888976557 } ] }
{ "_id" : { "$oid" : "50b59cd75bed76f46522c403" }, "student_id" : 31, "class_id" : 0, "scores" : [ { "type" : "exam", "score" : 80.21806952984706 }, { "type" : "quiz", "score" : 91.30483796178443 }, { "type" : "homework", "score" : 22.03875276641491 }, { "type" : "homework", "score" : 11.77044700894856 }, { "type" : "homework", "score" : 60.89655655399731 }, { "type" : "homework", "score" : 67.77118423321332 } ] }
{ "_id" : { "$oid" : "50b59cd75bed76f46522c404" }, "student_id" : 32, "class_id" : 22, "scores" : [ { "type" : "exam", "score" : 22.56922328403837 }, { "type" : "quiz", "score" : 88.74529382167816 }, { "type" : "homework", "score" : 60.26207937906094 }, { "type" : "homework", "score" : 85.15296271411029 }, { "type" : "homework", "score" : 48.25866362860927 }, { "type" : "homework", "score" : 17.55124023580077 } ] }
{ "_id" : { "$oid" : "50b59cd75bed76f46522c405" }, "student_id" : 32, "class_id" : 29, "scores" : [ { "type" : "exam", "score" : 89.46403932201346 }, { "type" : "quiz", "score" : 0.8499494511616135 }, { "type" : "homework", "score" : 34.04407982362429 } ] }
{ "_id" : { "$oid" : "50b59cd75bed76f46522c406" }, "student_id" : 32, "class_id" : 16, "scores" : [ { "type" : "exam", "score" : 86.86094230004599 }, { "type" : "quiz", "score" : 46.6188402038773 }, { "type" : "homework", "score" : 27.08114079653116 }, { "type" : "homework", "score" : 76.50580932676144 } ] }
{ "_id" : { "$oid" : "50b59cd75bed76f46522c407" }, "student_id" : 32, "class_id" : 24, "scores" : [ { "type" : "exam", "score" : 17.24327232656743 }, { "type" : "quiz", "score" : 48.59985910249745 }, { "type" : "homework", "score" : 49.05830596615824 }, { "type" : "homework", "score" : 63.08196088201188 }, { "type" : "homework", "score" : 52.12056921986796 }, { "type" : "homework", "score" : 53.16854130589464 } ] }
{ "_id" : { "$oid" : "50b59cd75bed76f46522c408" }, "student_id" : 32, "class_id" : 2, "scores" : [ { "type" : "exam", "score" : 91.62924972289747 }, { "type" : "quiz", "score" : 97.01440713189035 }, { "type" : "homework", "score" : 15.77310518920165 } ] }
{ "_id" : { "$oid" : "50b59cd75bed76f46522c409" }, "student_id" : 32, "class_id" : 23, "scores" : [ { "type" : "exam", "score" : 33.20785003318431 }, { "type" : "quiz", "score" : 27.22336013509992 }, { "type" : "homework", "score" : 75.00435837594333 }, { "type" : "homework", "score" : 81.06187249440833 }, { "type" : "homework", "score" : 97.45345391278933 } ] }
{ "_id" : { "$oid" : "50b59cd75bed76f46522c40a" }, "student_id" : 33, "class_id" : 1, "scores" : [ { "type" : "exam", "score" : 82.78088535014962 }, { "type" : "quiz", "score" : 10.67562416836095 }, { "type" : "homework", "score" : 59.82907300967116 }, { "type" : "homework", "score" : 37.99484750683537 }, { "type" : "homework", "score" : 76.82965148874469 } ] }
{ "_id" : { "$oid" : "50b59cd75bed76f46522c40b" }, "student_id" : 33, "class_id" : 15, "scores" : [ { "type" : "exam", "score" : 25.92668846441097 }, { "type" : "quiz", "score" : 72.31941994246876 }, { "type" : "homework", "score" : 50.01521383171767 } ] }
{ "_id" : { "$oid" : "50b59cd75bed76f46522c40c" }, "student_id" : 33, "class_id" : 12, "scores" : [ { "type" : "exam", "score" : 19.8030020350975 }, { "type" : "quiz", "score" : 92.91751825381145 }, { "type" : "homework", "score" : 21.0276676082449 }, { "type" : "homework", "score" : 76.21677602199677 } ] }
{ "_id" : { "$oid" : "50b59cd75bed76f46522c40d" }, "student_id" : 33, "class_id" : 23, "scores" : [ { "type" : "exam", "score" : 56.66053079698089 }, { "type" : "quiz", "score" : 23.67646968617499 }, { "type" : "homework", "score" : 9.792591762688607 }, { "type" : "homework", "score" : 61.71754460659857 }, { "type" : "homework", "score" : 30.69319858676928 } ] }
{ "_id" : { "$oid" : "50b59cd75bed76f46522c40e" }, "student_id" : 33, "class_id" : 5, "scores" : [ { "type" : "exam", "score" : 48.82801321262126 }, { "type" : "quiz", "score" : 83.41833907561055 }, { "type" : "homework", "score" : 65.70480348988953 }, { "type" : "homework", "score" : 55.62001551498989 } ] }
{ "_id" : { "$oid" : "50b59cd75bed76f46522c40f" }, "student_id" : 33, "class_id" : 30, "scores" : [ { "type" : "exam", "score" : 16.10973163213354 }, { "type" : "quiz", "score" : 68.0692393650192 }, { "type" : "homework", "score" : 87.06302889010865 } ] }
{ "_id" : { "$oid" : "50b59cd75bed76f46522c410" }, "student_id" : 34, "class_id" : 25, "scores" : [ { "type" : "exam", "score" : 82.18693351320584 }, { "type" : "quiz", "score" : 96.8838062316172 }, { "type" : "homework", "score" : 93.24257315563042 }, { "type" : "homework", "score" : 51.5609126390052 }, { "type" : "homework", "score" : 44.05782507111001 }, { "type" : "homework", "score" : 58.10217867174995 } ] }
{ "_id" : { "$oid" : "50b59cd75bed76f46522c411" }, "student_id" : 34, "class_id" : 27, "scores" : [ { "type" : "exam", "score" : 29.7911264695992 }, { "type" : "quiz", "score" : 9.769294989369094 }, { "type" : "homework", "score" : 47.35469161333693 }, { "type" : "homework", "score" : 42.96575953459764 }, { "type" : "homework", "score" : 44.1057952829673 } ] }
{ "_id" : { "$oid" : "50b59cd75bed76f46522c412" }, "student_id" : 34, "class_id" : 10, "scores" : [ { "type" : "exam", "score" : 65.48768417122759 }, { "type" : "quiz", "score" : 72.48639163117014 }, { "type" : "homework", "score" : 13.17507849008371 } ] }
{ "_id" : { "$oid" : "50b59cd75bed76f46522c413" }, "student_id" : 34, "class_id" : 28, "scores" : [ { "type" : "exam", "score" : 4.124401822522639 }, { "type" : "quiz", "score" : 61.57783758820974 }, { "type" : "homework", "score" : 30.19667763445735 }, { "type" : "homework", "score" : 33.23722607815048 }, { "type" : "homework", "score" : 41.38965315554172 } ] }
{ "_id" : { "$oid" : "50b59cd75bed76f46522c414" }, "student_id" : 34, "class_id" : 7, "scores" : [ { "type" : "exam", "score" : 48.72692860591258 }, { "type" : "quiz", "score" : 54.37177067159516 }, { "type" : "homework", "score" : 72.75056577825335 }, { "type" : "homework", "score" : 21.98864339485649 }, { "type" : "homework", "score" : 34.45287983858181 } ] }
{ "_id" : { "$oid" : "50b59cd75bed76f46522c415" }, "student_id" : 34, "class_id" : 26, "scores" : [ { "type" : "exam", "score" : 12.80489240368481 }, { "type" : "quiz", "score" : 94.59469765489223 }, { "type" : "homework", "score" : 73.65844372994793 }, { "type" : "homework", "score" : 74.25441031649301 }, { "type" : "homework", "score" : 58.28760122479565 }, { "type" : "homework", "score" : 55.8013641533115 } ] }
{ "_id" : { "$oid" : "50b59cd75bed76f46522c416" }, "student_id" : 35, "class_id" : 22, "scores" : [ { "type" : "exam", "score" : 97.8564701823195 }, { "type" : "quiz", "score" : 31.66095229730885 }, { "type" : "homework", "score" : 94.94742487858808 }, { "type" : "homework", "score" : 19.48411910283132 }, { "type" : "homework", "score" : 70.07733857892777 } ] }
{ "_id" : { "$oid" : "50b59cd75bed76f46522c417" }, "student_id" : 35, "class_id" : 18, "scores" : [ { "type" : "exam", "score" : 92.08083280191694 }, { "type" : "quiz", "score" : 13.60234664800169 }, { "type" : "homework", "score" : 42.34289422759002 }, { "type" : "homework", "score" : 84.67290475503576 }, { "type" : "homework", "score" : 22.40953456506334 }, { "type" : "homework", "score" : 1.449655772785341 } ] }
{ "_id" : { "$oid" : "50b59cd75bed76f46522c418" }, "student_id" : 36, "class_id" : 10, "scores" : [ { "type" : "exam", "score" : 39.81586731434415 }, { "type" : "quiz", "score" : 60.36730462226805 }, { "type" : "homework", "score" : 44.14221226461935 } ] }
{ "_id" : { "$oid" : "50b59cd75bed76f46522c419" }, "student_id" : 36, "class_id" : 23, "scores" : [ { "type" : "exam", "score" : 51.21876399762824 }, { "type" : "quiz", "score" : 57.59874771681874 }, { "type" : "homework", "score" : 79.46253185252202 }, { "type" : "homework", "score" : 61.94009830808581 }, { "type" : "homework", "score" : 29.13645240710895 }, { "type" : "homework", "score" : 5.110032807379716 } ] }
{ "_id" : { "$oid" : "50b59cd75bed76f46522c41a" }, "student_id" : 36, "class_id" : 6, "scores" : [ { "type" : "exam", "score" : 88.90192270390575 }, { "type" : "quiz", "score" : 53.35327612164252 }, { "type" : "homework", "score" : 16.20834249000125 }, { "type" : "homework", "score" : 71.83241422555219 }, { "type" : "homework", "score" : 17.00694169713035 } ] }
{ "_id" : { "$oid" : "50b59cd75bed76f46522c41b" }, "student_id" : 36, "class_id" : 14, "scores" : [ { "type" : "exam", "score" : 23.77918245042849 }, { "type" : "quiz", "score" : 93.31664706509761 }, { "type" : "homework", "score" : 4.934602984056225 } ] }
{ "_id" : { "$oid" : "50b59cd75bed76f46522c41c" }, "student_id" : 37, "class_id" : 26, "scores" : [ { "type" : "exam", "score" : 72.29196114881886 }, { "type" : "quiz", "score" : 45.38168516092212 }, { "type" : "homework", "score" : 85.8076154631249 } ] }
{ "_id" : { "$oid" : "50b59cd75bed76f46522c41d" }, "student_id" : 37, "class_id" : 16, "scores" : [ { "type" : "exam", "score" : 66.65315783778532 }, { "type" : "quiz", "score" : 83.16993132971119 }, { "type" : "homework", "score" : 89.8145959817882 } ] }
{ "_id" : { "$oid" : "50b59cd75bed76f46522c41e" }, "student_id" : 37, "class_id" : 25, "scores" : [ { "type" : "exam", "score" : 51.6105118928439 }, { "type" : "quiz", "score" : 48.96321415473307 }, { "type" : "homework", "score" : 54.82890231090774 } ] }
{ "_id" : { "$oid" : "50b59cd75bed76f46522c41f" }, "student_id" : 37, "class_id" : 28, "scores" : [ { "type" : "exam", "score" : 0.4957879936947296 }, { "type" : "quiz", "score" : 15.45496464442214 }, { "type" : "homework", "score" : 24.72541538858814 } ] }
{ "_id" : { "$oid" : "50b59cd75bed76f46522c420" }, "student_id" : 37, "class_id" : 3, "scores" : [ { "type" : "exam", "score" : 84.58698402414078 }, { "type" : "quiz", "score" : 30.56115255168037 }, { "type" : "homework", "score" : 20.00893939139527 }, { "type" : "homework", "score" : 41.95108282824853 } ] }
{ "_id" : { "$oid" : "50b59cd75bed76f46522c421" }, "student_id" : 37, "class_id" : 4, "scores" : [ { "type" : "exam", "score" : 28.74511427397575 }, { "type" : "quiz", "score" : 7.716585599351655 }, { "type" : "homework", "score" : 24.95566892017871 } ] }
{ "_id" : { "$oid" : "50b59cd75bed76f46522c422" }, "student_id" : 37, "class_id" : 7, "scores" : [ { "type" : "exam", "score" : 90.64037308364895 }, { "type" : "quiz", "score" : 4.252540372265178 }, { "type" : "homework", "score" : 39.33924695192964 }, { "type" : "homework", "score" : 70.11018403722987 } ] }
{ "_id" : { "$oid" : "50b59cd75bed76f46522c423" }, "student_id" : 37, "class_id" : 19, "scores" : [ { "type" : "exam", "score" : 11.4592222064354 }, { "type" : "quiz", "score" : 80.03627322566665 }, { "type" : "homework", "score" : 32.88618706958687 } ] }
{ "_id" : { "$oid" : "50b59cd75bed76f46522c424" }, "student_id" : 38, "class_id" : 30, "scores" : [ { "type" : "exam", "score" : 21.62889028480386 }, { "type" : "quiz", "score" : 91.97785592232633 }, { "type" : "homework", "score" : 44.15725201220676 }, { "type" : "homework", "score" : 6.055738078302975 } ] }
{ "_id" : { "$oid" : "50b59cd75bed76f46522c425" }, "student_id" : 38, "class_id" : 17, "scores" : [ { "type" : "exam", "score" : 47.26471309500098 }, { "type" : "quiz", "score" : 25.33754474182506 }, { "type" : "homework", "score" : 5.284458287115489 }, { "type" : "homework", "score" : 41.30099854002849 }, { "type" : "homework", "score" : 98.88182867118168 }, { "type" : "homework", "score" : 60.91939590823482 } ] }
{ "_id" : { "$oid" : "50b59cd75bed76f46522c426" }, "student_id" : 38, "class_id" : 23, "scores" : [ { "type" : "exam", "score" : 69.05106150047071 }, { "type" : "quiz", "score" : 31.07416886864078 }, { "type" : "homework", "score" : 54.64296181498389 }, { "type" : "homework", "score" : 55.81086146355238 }, { "type" : "homework", "score" : 12.01560007140223 }, { "type" : "homework", "score" : 59.4617264990586 } ] }
{ "_id" : { "$oid" : "50b59cd75bed76f46522c427" }, "student_id" : 38, "class_id" : 26, "scores" : [ { "type" : "exam", "score" : 59.21880117525654 }, { "type" : "quiz", "score" : 88.36333571806333 }, { "type" : "homework", "score" : 92.97264887808687 }, { "type" : "homework", "score" : 81.95010267434304 } ] }
{ "_id" : { "$oid" : "50b59cd75bed76f46522c428" }, "student_id" : 38, "class_id" : 0, "scores" : [ { "type" : "exam", "score" : 74.17959374099218 }, { "type" : "quiz", "score" : 55.7932111119033 }, { "type" : "homework", "score" : 20.88656702335926 }, { "type" : "homework", "score" : 59.5745160849691 } ] }
{ "_id" : { "$oid" : "50b59cd75bed76f46522c429" }, "student_id" : 39, "class_id" : 9, "scores" : [ { "type" : "exam", "score" : 49.19007315671377 }, { "type" : "quiz", "score" : 10.49208109811462 }, { "type" : "homework", "score" : 81.16116762560094 }, { "type" : "homework", "score" : 46.46539020040569 } ] }
{ "_id" : { "$oid" : "50b59cd75bed76f46522c42a" }, "student_id" : 39, "class_id" : 3, "scores" : [ { "type" : "exam", "score" : 44.94142374519215 }, { "type" : "quiz", "score" : 38.23841714609155 }, { "type" : "homework", "score" : 39.69674304185035 }, { "type" : "homework", "score" : 79.70572081646921 } ] }
{ "_id" : { "$oid" : "50b59cd75bed76f46522c42b" }, "student_id" : 39, "class_id" : 27, "scores" : [ { "type" : "exam", "score" : 46.94576521967891 }, { "type" : "quiz", "score" : 72.6380562590861 }, { "type" : "homework", "score" : 78.7555898581853 }, { "type" : "homework", "score" : 48.25867268615771 }, { "type" : "homework", "score" : 12.71946922581826 } ] }
{ "_id" : { "$oid" : "50b59cd75bed76f46522c42c" }, "student_id" : 39, "class_id" : 8, "scores" : [ { "type" : "exam", "score" : 75.37943752456246 }, { "type" : "quiz", "score" : 21.93922858950486 }, { "type" : "homework", "score" : 49.7854277650604 }, { "type" : "homework", "score" : 11.87916547218071 }, { "type" : "homework", "score" : 96.19343916628392 } ] }
{ "_id" : { "$oid" : "50b59cd75bed76f46522c42d" }, "student_id" : 39, "class_id" : 22, "scores" : [ { "type" : "exam", "score" : 39.66282994417286 }, { "type" : "quiz", "score" : 1.345514577234119 }, { "type" : "homework", "score" : 49.30964596793616 } ] }
{ "_id" : { "$oid" : "50b59cd75bed76f46522c42e" }, "student_id" : 39, "class_id" : 15, "scores" : [ { "type" : "exam", "score" : 91.05198696903514 }, { "type" : "quiz", "score" : 12.82846153077125 }, { "type" : "homework", "score" : 37.89546557976828 } ] }
{ "_id" : { "$oid" : "50b59cd75bed76f46522c42f" }, "student_id" : 39, "class_id" : 28, "scores" : [ { "type" : "exam", "score" : 49.46085540198902 }, { "type" : "quiz", "score" : 97.31951018261722 }, { "type" : "homework", "score" : 26.17235523313016 } ] }
{ "_id" : { "$oid" : "50b59cd75bed76f46522c430" }, "student_id" : 39, "class_id" : 23, "scores" : [ { "type" : "exam", "score" : 61.04589733978712 }, { "type" : "quiz", "score" : 88.82870480428026 }, { "type" : "homework", "score" : 17.25008538532257 } ] }
{ "_id" : { "$oid" : "50b59cd75bed76f46522c431" }, "student_id" : 39, "class_id" : 18, "scores" : [ { "type" : "exam", "score" : 92.62628390055252 }, { "type" : "quiz", "score" : 3.231542529526799 }, { "type" : "homework", "score" : 23.51871692862595 }, { "type" : "homework", "score" : 35.35363183034556 }, { "type" : "homework", "score" : 26.02268886649889 } ] }
{ "_id" : { "$oid" : "50b59cd75bed76f46522c432" }, "student_id" : 40, "class_id" : 2, "scores" : [ { "type" : "exam", "score" : 22.80162679858944 }, { "type" : "quiz", "score" : 48.23349373525351 }, { "type" : "homework", "score" : 16.63214380628569 }, { "type" : "homework", "score" : 16.4494224518297 } ] }
{ "_id" : { "$oid" : "50b59cd75bed76f46522c433" }, "student_id" : 40, "class_id" : 14, "scores" : [ { "type" : "exam", "score" : 97.19309309833419 }, { "type" : "quiz", "score" : 10.44531676292405 }, { "type" : "homework", "score" : 88.69715033819144 }, { "type" : "homework", "score" : 36.80473888555529 }, { "type" : "homework", "score" : 34.31867267616966 }, { "type" : "homework", "score" : 40.87297958752891 } ] }
{ "_id" : { "$oid" : "50b59cd75bed76f46522c434" }, "student_id" : 40, "class_id" : 22, "scores" : [ { "type" : "exam", "score" : 18.26684423675485 }, { "type" : "quiz", "score" : 66.77702894222148 }, { "type" : "homework", "score" : 18.92794602555322 }, { "type" : "homework", "score" : 11.3987655343987 }, { "type" : "homework", "score" : 71.00265316524416 } ] }
{ "_id" : { "$oid" : "50b59cd75bed76f46522c435" }, "student_id" : 40, "class_id" : 19, "scores" : [ { "type" : "exam", "score" : 20.89850409117038 }, { "type" : "quiz", "score" : 25.24485502517496 }, { "type" : "homework", "score" : 34.71132256824233 }, { "type" : "homework", "score" : 53.78829058713258 } ] }
{ "_id" : { "$oid" : "50b59cd75bed76f46522c436" }, "student_id" : 40, "class_id" : 16, "scores" : [ { "type" : "exam", "score" : 92.71381900055565 }, { "type" : "quiz", "score" : 9.087715119568152 }, { "type" : "homework", "score" : 0.4421683095170548 }, { "type" : "homework", "score" : 27.79240333222202 }, { "type" : "homework", "score" : 64.46880870974124 } ] }
{ "_id" : { "$oid" : "50b59cd75bed76f46522c437" }, "student_id" : 40, "class_id" : 30, "scores" : [ { "type" : "exam", "score" : 12.86715721088446 }, { "type" : "quiz", "score" : 7.097043200398112 }, { "type" : "homework", "score" : 31.7948807815451 } ] }
{ "_id" : { "$oid" : "50b59cd75bed76f46522c438" }, "student_id" : 40, "class_id" : 24, "scores" : [ { "type" : "exam", "score" : 78.93544270898188 }, { "type" : "quiz", "score" : 26.23127704642898 }, { "type" : "homework", "score" : 34.13541996976689 }, { "type" : "homework", "score" : 91.93044066299896 }, { "type" : "homework", "score" : 69.68005881324856 }, { "type" : "homework", "score" : 33.82057408047704 } ] }
{ "_id" : { "$oid" : "50b59cd75bed76f46522c439" }, "student_id" : 40, "class_id" : 1, "scores" : [ { "type" : "exam", "score" : 15.40746723517317 }, { "type" : "quiz", "score" : 71.62867463129528 }, { "type" : "homework", "score" : 80.87879864426783 }, { "type" : "homework", "score" : 94.40446602076557 }, { "type" : "homework", "score" : 94.87221617265294 }, { "type" : "homework", "score" : 24.95489678942908 } ] }
{ "_id" : { "$oid" : "50b59cd75bed76f46522c43a" }, "student_id" : 40, "class_id" : 10, "scores" : [ { "type" : "exam", "score" : 42.61385826025987 }, { "type" : "quiz", "score" : 64.1918195456369 }, { "type" : "homework", "score" : 2.065221974638676 }, { "type" : "homework", "score" : 32.58121065854287 }, { "type" : "homework", "score" : 68.51088663018378 } ] }
{ "_id" : { "$oid" : "50b59cd75bed76f46522c43b" }, "student_id" : 40, "class_id" : 15, "scores" : [ { "type" : "exam", "score" : 40.18333584415929 }, { "type" : "quiz", "score" : 51.02669962393336 }, { "type" : "homework", "score" : 11.83152806273957 } ] }
{ "_id" : { "$oid" : "50b59cd75bed76f46522c43c" }, "student_id" : 40, "class_id" : 18, "scores" : [ { "type" : "exam", "score" : 35.1522212882768 }, { "type" : "quiz", "score" : 89.47335955343736 }, { "type" : "homework", "score" : 84.69409373083462 }, { "type" : "homework", "score" : 64.87622552873637 }, { "type" : "homework", "score" : 98.42543124682919 } ] }
{ "_id" : { "$oid" : "50b59cd75bed76f46522c43d" }, "student_id" : 41, "class_id" : 3, "scores" : [ { "type" : "exam", "score" : 19.13656369180609 }, { "type" : "quiz", "score" : 41.14706360953144 }, { "type" : "homework", "score" : 49.42963007104068 } ] }
{ "_id" : { "$oid" : "50b59cd75bed76f46522c43e" }, "student_id" : 41, "class_id" : 19, "scores" : [ { "type" : "exam", "score" : 99.9822072102702 }, { "type" : "quiz", "score" : 36.73984850242793 }, { "type" : "homework", "score" : 57.64938805866978 } ] }
{ "_id" : { "$oid" : "50b59cd75bed76f46522c43f" }, "student_id" : 41, "class_id" : 20, "scores" : [ { "type" : "exam", "score" : 89.86568333880862 }, { "type" : "quiz", "score" : 86.67438818752774 }, { "type" : "homework", "score" : 19.65015165400813 }, { "type" : "homework", "score" : 41.18037387528079 } ] }
{ "_id" : { "$oid" : "50b59cd75bed76f46522c440" }, "student_id" : 41, "class_id" : 30, "scores" : [ { "type" : "exam", "score" : 42.40027514855241 }, { "type" : "quiz", "score" : 7.670831722325566 }, { "type" : "homework", "score" : 48.48760190920021 } ] }
{ "_id" : { "$oid" : "50b59cd75bed76f46522c441" }, "student_id" : 41, "class_id" : 15, "scores" : [ { "type" : "exam", "score" : 50.44491555288653 }, { "type" : "quiz", "score" : 72.04043403902141 }, { "type" : "homework", "score" : 45.37008444253333 }, { "type" : "homework", "score" : 56.71508647977355 }, { "type" : "homework", "score" : 50.0878132433977 } ] }
{ "_id" : { "$oid" : "50b59cd75bed76f46522c442" }, "student_id" : 41, "class_id" : 17, "scores" : [ { "type" : "exam", "score" : 74.47951045433322 }, { "type" : "quiz", "score" : 14.03600353015656 }, { "type" : "homework", "score" : 73.55590938125961 } ] }
{ "_id" : { "$oid" : "50b59cd75bed76f46522c443" }, "student_id" : 41, "class_id" : 10, "scores" : [ { "type" : "exam", "score" : 19.914062573459 }, { "type" : "quiz", "score" : 51.81408865065868 }, { "type" : "homework", "score" : 22.33214671935798 }, { "type" : "homework", "score" : 34.44948609689646 } ] }
{ "_id" : { "$oid" : "50b59cd75bed76f46522c444" }, "student_id" : 41, "class_id" : 5, "scores" : [ { "type" : "exam", "score" : 63.67953565646426 }, { "type" : "quiz", "score" : 8.46205543695049 }, { "type" : "homework", "score" : 94.42833813939652 } ] }
{ "_id" : { "$oid" : "50b59cd75bed76f46522c445" }, "student_id" : 41, "class_id" : 0, "scores" : [ { "type" : "exam", "score" : 74.95288280360568 }, { "type" : "quiz", "score" : 66.51502847921927 }, { "type" : "homework", "score" : 48.52678171969149 }, { "type" : "homework", "score" : 83.31079674713119 }, { "type" : "homework", "score" : 3.863512543768077 } ] }
{ "_id" : { "$oid" : "50b59cd75bed76f46522c446" }, "student_id" : 41, "class_id" : 18, "scores" : [ { "type" : "exam", "score" : 46.93728444376126 }, { "type" : "quiz", "score" : 8.881863254924483 }, { "type" : "homework", "score" : 31.09945738984973 }, { "type" : "homework", "score" : 76.53517756358691 }, { "type" : "homework", "score" : 56.43348654911537 }, { "type" : "homework", "score" : 9.151233862676445 } ] }
{ "_id" : { "$oid" : "50b59cd75bed76f46522c447" }, "student_id" : 42, "class_id" : 26, "scores" : [ { "type" : "exam", "score" : 97.00228774855781 }, { "type" : "quiz", "score" : 40.58432014991513 }, { "type" : "homework", "score" : 35.47368574435323 } ] }
{ "_id" : { "$oid" : "50b59cd75bed76f46522c448" }, "student_id" : 42, "class_id" : 14, "scores" : [ { "type" : "exam", "score" : 80.30672480792785 }, { "type" : "quiz", "score" : 62.98158825167314 }, { "type" : "homework", "score" : 99.6826006851697 }, { "type" : "homework", "score" : 38.18691081719637 }, { "type" : "homework", "score" : 10.61146982761995 } ] }
{ "_id" : { "$oid" : "50b59cd75bed76f46522c449" }, "student_id" : 42, "class_id" : 18, "scores" : [ { "type" : "exam", "score" : 62.72522641162129 }, { "type" : "quiz", "score" : 7.749114832407522 }, { "type" : "homework", "score" : 38.43335101637653 }, { "type" : "homework", "score" : 34.33863562734546 }, { "type" : "homework", "score" : 4.430154978243483 }, { "type" : "homework", "score" : 91.35280429362194 } ] }
{ "_id" : { "$oid" : "50b59cd75bed76f46522c44a" }, "student_id" : 42, "class_id" : 5, "scores" : [ { "type" : "exam", "score" : 72.65459317298996 }, { "type" : "quiz", "score" : 63.20501445700519 }, { "type" : "homework", "score" : 74.32988097461292 } ] }
{ "_id" : { "$oid" : "50b59cd75bed76f46522c44b" }, "student_id" : 43, "class_id" : 23, "scores" : [ { "type" : "exam", "score" : 77.70619578573559 }, { "type" : "quiz", "score" : 1.829830440056934 }, { "type" : "homework", "score" : 78.94705102896188 } ] }
{ "_id" : { "$oid" : "50b59cd75bed76f46522c44c" }, "student_id" : 43, "class_id" : 2, "scores" : [ { "type" : "exam", "score" : 13.11109030811874 }, { "type" : "quiz", "score" : 41.14297539001115 }, { "type" : "homework", "score" : 48.4189020814422 }, { "type" : "homework", "score" : 97.97354273930576 }, { "type" : "homework", "score" : 55.19930534809544 }, { "type" : "homework", "score" : 26.92606788527824 } ] }
{ "_id" : { "$oid" : "50b59cd75bed76f46522c44d" }, "student_id" : 43, "class_id" : 10, "scores" : [ { "type" : "exam", "score" : 87.72109321427651 }, { "type" : "quiz", "score" : 59.63881868385182 }, { "type" : "homework", "score" : 28.59104073652086 }, { "type" : "homework", "score" : 42.1022048213983 }, { "type" : "homework", "score" : 95.27076976124388 }, { "type" : "homework", "score" : 53.12159192906183 } ] }
{ "_id" : { "$oid" : "50b59cd75bed76f46522c44e" }, "student_id" : 43, "class_id" : 11, "scores" : [ { "type" : "exam", "score" : 26.72199819394381 }, { "type" : "quiz", "score" : 77.18217537716487 }, { "type" : "homework", "score" : 83.64388619956452 }, { "type" : "homework", "score" : 33.70315793392942 } ] }
{ "_id" : { "$oid" : "50b59cd75bed76f46522c44f" }, "student_id" : 43, "class_id" : 22, "scores" : [ { "type" : "exam", "score" : 64.8611038506224 }, { "type" : "quiz", "score" : 28.08953188689932 }, { "type" : "homework", "score" : 69.18381646439732 }, { "type" : "homework", "score" : 77.58331641313923 }, { "type" : "homework", "score" : 21.65032016335737 }, { "type" : "homework", "score" : 89.83774538754112 } ] }
{ "_id" : { "$oid" : "50b59cd75bed76f46522c450" }, "student_id" : 43, "class_id" : 15, "scores" : [ { "type" : "exam", "score" : 15.35756627070331 }, { "type" : "quiz", "score" : 3.84841477019281 }, { "type" : "homework", "score" : 32.06241502644694 }, { "type" : "homework", "score" : 38.3129180156557 } ] }
{ "_id" : { "$oid" : "50b59cd75bed76f46522c451" }, "student_id" : 43, "class_id" : 28, "scores" : [ { "type" : "exam", "score" : 22.85840717671925 }, { "type" : "quiz", "score" : 32.22322566719188 }, { "type" : "homework", "score" : 32.09442950498358 } ] }
{ "_id" : { "$oid" : "50b59cd75bed76f46522c452" }, "student_id" : 43, "class_id" : 18, "scores" : [ { "type" : "exam", "score" : 1.193203475762128 }, { "type" : "quiz", "score" : 88.38645185411367 }, { "type" : "homework", "score" : 67.11580235593786 } ] }
{ "_id" : { "$oid" : "50b59cd75bed76f46522c453" }, "student_id" : 43, "class_id" : 27, "scores" : [ { "type" : "exam", "score" : 99.4040826043679 }, { "type" : "quiz", "score" : 32.50527155322258 }, { "type" : "homework", "score" : 49.56581759325126 }, { "type" : "homework", "score" : 1.415705488333974 } ] }
{ "_id" : { "$oid" : "50b59cd75bed76f46522c454" }, "student_id" : 44, "class_id" : 11, "scores" : [ { "type" : "exam", "score" : 99.40117530792308 }, { "type" : "quiz", "score" : 71.88660613208614 }, { "type" : "homework", "score" : 25.06937620518449 }, { "type" : "homework", "score" : 65.82160550643421 } ] }
{ "_id" : { "$oid" : "50b59cd75bed76f46522c455" }, "student_id" : 44, "class_id" : 7, "scores" : [ { "type" : "exam", "score" : 99.36623841444576 }, { "type" : "quiz", "score" : 65.2625406120369 }, { "type" : "homework", "score" : 56.46699884400226 }, { "type" : "homework", "score" : 1.500571768719439 }, { "type" : "homework", "score" : 78.38127669093991 }, { "type" : "homework", "score" : 52.39672281298714 } ] }
{ "_id" : { "$oid" : "50b59cd75bed76f46522c456" }, "student_id" : 44, "class_id" : 1, "scores" : [ { "type" : "exam", "score" : 79.909806461302 }, { "type" : "quiz", "score" : 54.01572345708019 }, { "type" : "homework", "score" : 62.90185341438151 }, { "type" : "homework", "score" : 98.52746459585137 }, { "type" : "homework", "score" : 77.56244428465897 } ] }
{ "_id" : { "$oid" : "50b59cd75bed76f46522c457" }, "student_id" : 44, "class_id" : 21, "scores" : [ { "type" : "exam", "score" : 69.57649569536184 }, { "type" : "quiz", "score" : 93.3128329969564 }, { "type" : "homework", "score" : 60.00644447571928 }, { "type" : "homework", "score" : 34.55591835627042 } ] }
{ "_id" : { "$oid" : "50b59cd75bed76f46522c458" }, "student_id" : 45, "class_id" : 5, "scores" : [ { "type" : "exam", "score" : 3.32563649221076 }, { "type" : "quiz", "score" : 44.84328257103856 }, { "type" : "homework", "score" : 73.90266040833421 } ] }
{ "_id" : { "$oid" : "50b59cd75bed76f46522c459" }, "student_id" : 45, "class_id" : 13, "scores" : [ { "type" : "exam", "score" : 89.10486662181998 }, { "type" : "quiz", "score" : 46.38187431691693 }, { "type" : "homework", "score" : 29.69314592845149 } ] }
{ "_id" : { "$oid" : "50b59cd75bed76f46522c45a" }, "student_id" : 45, "class_id" : 25, "scores" : [ { "type" : "exam", "score" : 86.75713891980624 }, { "type" : "quiz", "score" : 68.7844886899765 }, { "type" : "homework", "score" : 34.28759074333432 }, { "type" : "homework", "score" : 31.1059695618172 } ] }
{ "_id" : { "$oid" : "50b59cd75bed76f46522c45b" }, "student_id" : 45, "class_id" : 6, "scores" : [ { "type" : "exam", "score" : 67.95421065641843 }, { "type" : "quiz", "score" : 50.40097461510792 }, { "type" : "homework", "score" : 86.81824873030551 }, { "type" : "homework", "score" : 46.23560038721883 }, { "type" : "homework", "score" : 50.83542761697593 }, { "type" : "homework", "score" : 16.33296323969162 } ] }
{ "_id" : { "$oid" : "50b59cd75bed76f46522c45c" }, "student_id" : 45, "class_id" : 29, "scores" : [ { "type" : "exam", "score" : 58.96961556046523 }, { "type" : "quiz", "score" : 54.65621690274944 }, { "type" : "homework", "score" : 33.05273766197541 } ] }
{ "_id" : { "$oid" : "50b59cd75bed76f46522c45d" }, "student_id" : 46, "class_id" : 3, "scores" : [ { "type" : "exam", "score" : 17.15646099501412 }, { "type" : "quiz", "score" : 19.18145335084201 }, { "type" : "homework", "score" : 1.119885279691335 }, { "type" : "homework", "score" : 82.66568607368761 } ] }
{ "_id" : { "$oid" : "50b59cd75bed76f46522c45e" }, "student_id" : 46, "class_id" : 20, "scores" : [ { "type" : "exam", "score" : 27.79390777259294 }, { "type" : "quiz", "score" : 29.18509374453628 }, { "type" : "homework", "score" : 59.51122184508205 }, { "type" : "homework", "score" : 74.05819778852317 }, { "type" : "homework", "score" : 86.91457200027877 } ] }
{ "_id" : { "$oid" : "50b59cd75bed76f46522c45f" }, "student_id" : 47, "class_id" : 22, "scores" : [ { "type" : "exam", "score" : 52.05822756328465 }, { "type" : "quiz", "score" : 92.27410165031182 }, { "type" : "homework", "score" : 10.97882226937978 }, { "type" : "homework", "score" : 89.738434177264 } ] }
{ "_id" : { "$oid" : "50b59cd75bed76f46522c460" }, "student_id" : 48, "class_id" : 2, "scores" : [ { "type" : "exam", "score" : 25.42712077857534 }, { "type" : "quiz", "score" : 2.69015561825211 }, { "type" : "homework", "score" : 4.786214283647661 } ] }
{ "_id" : { "$oid" : "50b59cd75bed76f46522c461" }, "student_id" : 48, "class_id" : 10, "scores" : [ { "type" : "exam", "score" : 19.75901367795435 }, { "type" : "quiz", "score" : 88.30270072760786 }, { "type" : "homework", "score" : 20.93512284692314 }, { "type" : "homework", "score" : 56.73415809224915 }, { "type" : "homework", "score" : 14.73286004857093 } ] }
{ "_id" : { "$oid" : "50b59cd75bed76f46522c462" }, "student_id" : 48, "class_id" : 14, "scores" : [ { "type" : "exam", "score" : 66.79008851052096 }, { "type" : "quiz", "score" : 6.835625054063376 }, { "type" : "homework", "score" : 84.02520582541429 } ] }
{ "_id" : { "$oid" : "50b59cd75bed76f46522c463" }, "student_id" : 48, "class_id" : 8, "scores" : [ { "type" : "exam", "score" : 87.50309579619501 }, { "type" : "quiz", "score" : 77.95047998264852 }, { "type" : "homework", "score" : 66.57605694803614 }, { "type" : "homework", "score" : 69.07149939221259 }, { "type" : "homework", "score" : 79.22032266637351 }, { "type" : "homework", "score" : 25.8743541850703 } ] }
{ "_id" : { "$oid" : "50b59cd75bed76f46522c464" }, "student_id" : 48, "class_id" : 15, "scores" : [ { "type" : "exam", "score" : 17.49112864462374 }, { "type" : "quiz", "score" : 26.62981129347384 }, { "type" : "homework", "score" : 73.6889883963597 }, { "type" : "homework", "score" : 39.87294319273563 }, { "type" : "homework", "score" : 43.27472602995442 } ] }
{ "_id" : { "$oid" : "50b59cd75bed76f46522c465" }, "student_id" : 49, "class_id" : 29, "scores" : [ { "type" : "exam", "score" : 26.67878234847454 }, { "type" : "quiz", "score" : 43.34576082589281 }, { "type" : "homework", "score" : 2.376164818678062 }, { "type" : "homework", "score" : 37.78991935258481 } ] }
